orderID,customerID,employeeID,productID,orderTotal,orderDate,,,
1,417,14,16,4279.86,7/30/2024,,,
2,144,35,44,2434.17,6/29/2025,,,
3,150,19,147,2012.4,12/21/2025,,,
4,461,7,35,7221.16,6/10/2025,,,
5,471,4,71,6504.19,2/25/2025,,,
6,360,9,64,1105.36,5/9/2024,,,
7,425,16,101,3676.05,11/25/2024,,,
8,324,18,107,2820.04,8/14/2025,,,
9,325,6,104,3871.94,3/18/2024,,,
10,356,24,117,7127.4,10/11/2024,,,
11,298,1,24,5484.68,12/1/2024,,,
12,326,23,17,5969.63,4/14/2025,,,
13,112,28,55,3715.41,2/11/2025,,,
14,425,19,87,4109.36,11/26/2024,,,
15,290,32,88,6707.22,5/13/2024,,,
16,25,3,26,4700.08,2/19/2026,,,
17,9,8,41,3315.23,4/15/2025,,,
18,491,28,52,7467.75,1/1/2024,,,
19,452,20,41,6559.43,5/15/2024,,,
20,48,24,65,627.33,10/7/2024,,,
21,463,11,14,2978.6,11/11/2025,,,
22,372,15,110,4919.58,11/8/2024,,,
23,49,1,55,3581.28,12/21/2025,,,
24,304,15,133,5103.07,5/15/2024,,,
25,5,22,31,7411.28,1/10/2024,,,
26,356,9,123,540.5,3/8/2025,,,
27,46,7,27,2357,1/27/2025,,,
28,71,25,35,4815.41,11/2/2024,,,
29,74,5,136,4229.05,11/24/2025,,,
30,333,11,113,2640.4,9/16/2025,,,
31,322,10,106,4624.41,8/6/2024,,,
32,441,14,23,6725.48,3/29/2025,,,
33,386,8,99,2643,5/23/2024,,,
34,162,9,64,2084.49,3/15/2025,,,
35,128,19,7,6360.71,3/27/2024,,,
36,449,20,53,3887.94,11/5/2025,,,
37,97,26,76,4849.81,6/5/2025,,,
38,254,25,29,1815.7,9/2/2024,,,
39,305,5,136,6666.55,10/15/2025,,,
40,185,21,34,2907.42,1/13/2024,,,
41,216,24,140,5125.24,8/5/2025,,,
42,242,5,5,4409.35,2/20/2026,,,
43,135,14,11,6920.12,1/15/2024,,,
44,260,19,129,5755.65,2/11/2025,,,
45,360,26,22,4807.62,3/9/2025,,,
46,316,10,72,636.14,7/4/2025,,,
47,262,14,40,4027.56,3/21/2024,,,
48,301,5,80,5243.08,2/4/2025,,,
49,489,16,15,1841.15,1/17/2026,,,
50,60,30,15,2326.58,3/20/2025,,,
51,337,12,31,104.86,1/29/2026,,,
52,360,1,42,3728.13,5/20/2024,,,
53,268,34,67,1260.55,12/21/2024,,,
54,384,18,31,5788.01,5/9/2024,,,
55,172,28,70,3933.67,1/31/2024,,,
56,365,5,128,3419.43,9/26/2024,,,
57,29,32,146,1259.94,1/3/2025,,,
58,131,7,147,5059.16,6/10/2024,,,
59,117,33,1,339.84,4/28/2024,,,
60,126,3,121,2736.18,1/13/2024,,,
61,92,3,142,6025.33,6/2/2024,,,
62,380,27,58,2420.3,1/1/2026,,,
63,469,21,70,6196.72,3/2/2025,,,
64,191,8,129,5053.21,8/8/2025,,,
65,92,15,133,7360.79,2/23/2024,,,
66,36,30,73,5803.72,2/14/2025,,,
67,168,6,142,3431.03,11/14/2024,,,
68,103,19,145,5885.96,1/12/2025,,,
69,319,16,119,2768.37,1/27/2026,,,
70,396,13,140,5706.01,5/20/2025,,,
71,78,1,105,189.09,9/8/2024,,,
72,178,1,86,20.95,7/8/2025,,,
73,193,20,27,1546.91,11/4/2025,,,
74,215,32,16,7294.47,8/31/2024,,,
75,365,18,24,338.81,5/25/2024,,,
76,460,34,106,5259.34,8/25/2024,,,
77,235,6,149,725.87,1/16/2025,,,
78,327,26,20,4443.3,5/16/2024,,,
79,223,9,61,2194.65,3/4/2024,,,
80,475,26,84,2392.25,11/18/2024,,,
81,120,5,52,1029.48,10/5/2024,,,
82,300,7,40,801.38,2/27/2026,,,
83,239,21,105,914.32,4/5/2025,,,
84,494,14,116,2319.22,1/1/2025,,,
85,437,8,24,1190.54,9/28/2024,,,
86,156,3,56,6271.08,12/3/2025,,,
87,76,6,64,7263.32,12/1/2024,,,
88,263,4,77,1958.65,2/9/2025,,,
89,16,26,116,4174.09,6/27/2024,,,
90,128,7,119,773.29,7/17/2025,,,
91,63,1,16,6229.49,5/23/2024,,,
92,67,13,103,2798.08,8/15/2024,,,
93,481,6,150,4400.03,10/7/2025,,,
94,12,5,51,6769.7,3/17/2024,,,
95,415,9,24,6789.03,3/30/2025,,,
96,63,3,119,389.28,12/5/2024,,,
97,222,26,128,230.82,8/10/2025,,,
98,219,12,91,1618.22,11/30/2025,,,
99,141,18,115,6626.84,7/10/2024,,,
100,315,16,76,3746.7,2/5/2024,,,
101,246,4,23,2105.52,7/17/2025,,,
102,215,13,135,1876.12,5/20/2024,,,
103,407,2,98,5866.55,7/10/2025,,,
104,246,35,125,2586.82,1/2/2025,,,
105,258,21,100,2035.56,8/2/2025,,,
106,164,15,8,6719.28,1/27/2024,,,
107,144,4,121,3975.45,3/8/2026,,,
108,300,15,41,760.01,2/24/2026,,,
109,124,18,137,6123.98,11/3/2025,,,
110,29,15,148,6350.32,1/24/2026,,,
111,182,12,46,1781.77,2/1/2025,,,
112,413,23,8,5278.86,11/21/2024,,,
113,486,10,145,7113.28,12/26/2024,,,
114,278,20,45,3683.37,5/19/2025,,,
115,29,15,57,159.26,4/2/2024,,,
116,1,22,52,6050.28,5/4/2025,,,
117,368,12,83,456.07,12/14/2024,,,
118,301,10,29,6350.14,5/31/2024,,,
119,492,5,96,5286.99,1/8/2025,,,
120,203,7,87,2270.22,11/9/2025,,,
121,500,11,112,5940.9,5/19/2024,,,
122,333,21,45,5306.8,5/13/2025,,,
123,356,23,58,4994.83,7/29/2025,,,
124,194,20,76,963.84,6/28/2024,,,
125,1,26,146,252.55,1/16/2026,,,
126,163,15,145,789.79,9/8/2025,,,
127,73,22,20,1792.59,5/23/2025,,,
128,86,6,86,3355.26,11/23/2024,,,
129,108,16,18,2635.1,9/28/2024,,,
130,369,1,13,2900.67,4/20/2024,,,
131,215,11,106,3703.18,1/20/2026,,,
132,180,35,97,769.7,1/22/2025,,,
133,404,15,42,3390.14,5/5/2025,,,
134,151,2,82,1965.85,2/4/2024,,,
135,38,22,44,6660.61,4/17/2024,,,
136,375,5,141,7064.34,6/13/2024,,,
137,174,31,8,3240.61,4/5/2024,,,
138,85,28,41,411.13,10/31/2025,,,
139,106,13,105,5232,12/5/2024,,,
140,474,35,68,4957.88,1/9/2026,,,
141,122,7,13,2952.84,10/31/2024,,,
142,431,32,40,418.24,7/16/2025,,,
143,219,6,76,6180.99,1/4/2024,,,
144,308,31,52,736.43,10/2/2025,,,
145,88,19,21,3557.04,7/30/2024,,,
146,158,26,121,3673.34,4/28/2024,,,
147,136,6,140,2912.58,11/7/2025,,,
148,454,25,95,1407.51,1/14/2025,,,
149,135,29,120,1982.87,2/15/2024,,,
150,289,4,39,5644.24,10/2/2024,,,
151,50,6,89,6063.27,11/14/2025,,,
152,498,15,142,466.77,2/27/2025,,,
153,420,34,108,7242.55,1/31/2025,,,
154,444,31,147,6613.59,12/4/2025,,,
155,154,6,102,6771.8,5/2/2025,,,
156,18,33,147,6754.41,1/1/2026,,,
157,347,10,31,7119.92,8/8/2025,,,
158,89,11,55,6065.37,4/4/2025,,,
159,22,28,21,7412.22,5/9/2024,,,
160,104,10,67,2404.92,3/21/2025,,,
161,469,5,23,2916.86,1/14/2026,,,
162,283,21,71,3902.46,2/10/2025,,,
163,403,34,108,852.77,1/13/2024,,,
164,76,7,28,4224.5,6/2/2024,,,
165,403,19,138,6602.22,4/13/2024,,,
166,136,25,125,4294.45,2/24/2025,,,
167,20,12,71,3028.27,4/29/2025,,,
168,312,26,10,2974.49,9/25/2025,,,
169,354,16,13,5595.67,12/5/2024,,,
170,460,24,6,2540.62,10/2/2024,,,
171,160,18,126,6438.18,11/6/2024,,,
172,51,15,35,2260.6,12/2/2025,,,
173,227,21,69,5468.71,1/31/2026,,,
174,331,6,49,3318.46,9/11/2025,,,
175,380,32,133,6505.25,2/20/2025,,,
176,264,11,17,2340.31,2/27/2024,,,
177,207,9,135,6596.2,6/2/2025,,,
178,89,13,52,6278.96,1/30/2024,,,
179,17,30,13,6886.05,9/12/2024,,,
180,102,18,95,6178.06,12/22/2025,,,
181,204,8,8,1822.12,6/1/2025,,,
182,305,29,46,7204.3,5/15/2025,,,
183,301,23,89,1234.72,4/30/2025,,,
184,384,6,73,215.6,9/21/2024,,,
185,84,14,57,4858.88,2/20/2024,,,
186,106,18,105,3854.48,11/24/2025,,,
187,496,1,122,6837.25,3/10/2026,,,
188,89,1,58,1900.4,10/24/2025,,,
189,365,18,109,6717.17,11/8/2024,,,
190,236,17,56,3505.57,12/23/2024,,,
191,267,26,150,776.32,11/24/2025,,,
192,340,24,144,4858.59,6/7/2025,,,
193,145,20,28,3618.22,9/15/2025,,,
194,142,21,71,1965.99,12/10/2024,,,
195,488,20,49,1132.97,12/29/2025,,,
196,124,4,104,4957.37,2/22/2026,,,
197,72,2,128,7481.04,11/28/2025,,,
198,465,27,104,2918.18,9/22/2024,,,
199,299,13,88,5451.86,2/6/2024,,,
200,352,35,122,6799.88,8/15/2024,,,
201,184,33,77,6342.19,11/18/2025,,,
202,449,12,76,741.05,11/4/2025,,,
203,380,17,144,5724.26,5/11/2024,,,
204,485,22,23,1674.68,7/6/2024,,,
205,382,20,108,5912.8,8/16/2024,,,
206,191,17,150,2212.44,12/5/2024,,,
207,241,4,150,4356.55,4/30/2024,,,
208,37,31,50,3758.58,9/27/2025,,,
209,196,34,77,3104.17,11/28/2025,,,
210,71,13,88,3074.85,6/3/2024,,,
211,458,30,37,2379.71,8/6/2025,,,
212,93,6,125,2501.39,1/2/2026,,,
213,161,4,2,3395.88,6/30/2024,,,
214,390,11,148,5735.98,8/2/2024,,,
215,403,6,34,4612.45,5/16/2025,,,
216,220,26,110,7240.31,10/10/2025,,,
217,3,3,137,1503.61,1/27/2025,,,
218,487,1,83,5678.79,1/17/2025,,,
219,98,2,2,4703.89,6/27/2025,,,
220,116,23,80,975.69,9/11/2024,,,
221,258,20,43,499,1/27/2025,,,
222,153,19,117,5461.46,2/16/2024,,,
223,269,22,112,6660.93,9/2/2025,,,
224,176,32,92,5628.37,5/17/2024,,,
225,486,26,5,1720.85,6/17/2024,,,
226,68,14,6,4426.8,1/14/2026,,,
227,64,24,10,2820.19,6/22/2024,,,
228,131,35,13,4458.49,10/17/2025,,,
229,339,7,6,371.28,2/19/2024,,,
230,214,29,98,935.73,4/28/2024,,,
231,243,10,53,5216.99,9/15/2024,,,
232,5,20,108,4965.87,10/7/2025,,,
233,267,18,36,3147,11/9/2025,,,
234,262,8,73,863.95,4/17/2024,,,
235,255,13,52,5836.91,4/18/2024,,,
236,499,13,92,5278.74,6/19/2025,,,
237,83,3,141,3727.7,10/29/2024,,,
238,353,31,85,1766.44,7/31/2024,,,
239,344,6,29,6265.89,1/14/2024,,,
240,253,10,24,5848.65,11/16/2025,,,
241,371,7,66,4836.08,3/17/2024,,,
242,152,17,119,385.1,4/12/2025,,,
243,448,3,75,2708.01,6/27/2024,,,
244,161,28,30,721.54,11/24/2025,,,
245,456,3,3,6391.47,2/15/2026,,,
246,332,11,85,2687.88,11/10/2025,,,
247,490,18,24,2800.94,3/24/2025,,,
248,94,8,103,3007.87,12/16/2024,,,
249,140,25,123,6001.24,4/12/2025,,,
250,454,11,29,1002.51,10/26/2025,,,
251,31,11,27,3126.05,1/13/2026,,,
252,248,29,47,4588.81,8/27/2025,,,
253,184,2,34,3628.27,3/8/2026,,,
254,58,27,113,354.33,5/14/2025,,,
255,336,21,4,5287.22,9/24/2024,,,
256,269,15,87,3898.06,11/25/2025,,,
257,359,7,111,4966.23,12/5/2025,,,
258,247,23,99,1123.42,9/11/2024,,,
259,457,4,3,4829.06,7/25/2025,,,
260,259,31,127,6521.92,6/9/2024,,,
261,385,32,83,1814.28,3/17/2024,,,
262,26,33,58,4133.21,10/11/2024,,,
263,207,16,21,3448.62,1/22/2025,,,
264,230,6,128,3358.54,8/9/2025,,,
265,255,2,27,3031.76,5/1/2024,,,
266,286,1,24,5940.46,2/6/2024,,,
267,327,20,131,4221.87,9/25/2025,,,
268,344,30,88,2731.44,11/1/2025,,,
269,419,15,117,2496.47,2/25/2024,,,
270,318,31,94,5372.19,2/24/2026,,,
271,50,15,1,2566.76,4/26/2024,,,
272,494,19,141,3919.67,10/10/2025,,,
273,55,3,43,3698.24,12/19/2025,,,
274,381,27,28,1914.63,1/4/2026,,,
275,97,8,101,1624.77,7/19/2024,,,
276,98,22,28,5681.05,3/11/2026,,,
277,475,8,116,3435.84,2/17/2024,,,
278,490,33,35,7229.27,8/26/2025,,,
279,272,4,142,7015.46,1/5/2024,,,
280,248,33,46,5191.71,8/22/2025,,,
281,375,9,27,2911.67,6/26/2024,,,
282,311,21,130,6611.62,9/6/2025,,,
283,312,16,71,2990.05,3/4/2025,,,
284,497,19,116,6037.93,12/17/2024,,,
285,212,33,77,6324.63,5/21/2024,,,
286,441,21,142,4748.05,7/14/2025,,,
287,108,19,89,6909.73,7/24/2024,,,
288,364,12,129,4073.26,5/15/2024,,,
289,166,8,91,4221.48,10/14/2025,,,
290,293,27,137,2151.6,8/19/2025,,,
291,414,1,134,807.46,3/8/2025,,,
292,75,4,15,1507.27,1/25/2025,,,
293,403,11,74,5128.59,2/7/2026,,,
294,430,4,76,1537.97,5/29/2024,,,
295,17,23,116,777.58,7/8/2025,,,
296,379,15,144,2922.76,11/22/2025,,,
297,402,19,13,6949.37,6/7/2025,,,
298,214,21,142,412.98,1/31/2025,,,
299,129,13,114,6226.58,1/31/2026,,,
300,361,24,140,5540.99,10/10/2025,,,
301,398,13,76,3371.62,7/20/2024,,,
302,39,12,45,5515.75,11/30/2025,,,
303,194,3,110,2100.55,5/2/2024,,,
304,67,11,150,6346.65,9/27/2024,,,
305,170,30,40,309.16,1/6/2024,,,
306,306,4,78,3684.23,11/26/2024,,,
307,282,23,19,5882.4,8/9/2025,,,
308,270,15,48,3909.34,11/21/2024,,,
309,82,27,140,4032.4,6/1/2025,,,
310,179,15,55,4978.38,4/4/2024,,,
311,185,19,56,7127.81,12/5/2024,,,
312,272,31,144,6179.43,9/25/2025,,,
313,5,8,89,3348.05,10/26/2025,,,
314,315,16,11,5122.31,10/19/2025,,,
315,196,8,99,1931.86,11/24/2024,,,
316,145,2,133,6167.6,1/11/2026,,,
317,264,33,115,3656.17,1/18/2025,,,
318,460,13,83,3859.07,10/30/2024,,,
319,86,35,137,64.91,4/8/2024,,,
320,108,14,109,6269.13,3/8/2024,,,
321,276,28,19,5604.21,7/29/2024,,,
322,13,30,85,293.77,6/6/2024,,,
323,28,12,65,4190.05,3/16/2024,,,
324,421,15,67,3063.17,8/11/2025,,,
325,323,26,111,2379.87,4/6/2025,,,
326,345,8,137,54.18,2/2/2025,,,
327,317,5,150,350.92,1/7/2026,,,
328,184,33,28,2180.88,3/15/2024,,,
329,155,6,73,5741.9,12/3/2025,,,
330,196,26,8,3560.17,3/24/2025,,,
331,113,9,101,5977.81,6/30/2025,,,
332,152,10,77,5082.89,7/12/2025,,,
333,332,24,3,4155.9,1/16/2026,,,
334,73,8,11,47.67,7/22/2025,,,
335,202,35,141,7102.88,9/2/2025,,,
336,108,23,55,3100.78,11/8/2024,,,
337,436,33,37,1215.55,10/23/2025,,,
338,316,17,50,868.52,8/14/2024,,,
339,410,4,141,3464.88,11/18/2025,,,
340,38,19,18,1887.65,7/16/2025,,,
341,372,32,85,2684.97,7/21/2024,,,
342,336,16,26,2145.68,11/18/2025,,,
343,461,13,82,3649.1,3/12/2024,,,
344,316,20,150,1151.44,12/2/2024,,,
345,187,21,110,1273.11,8/3/2025,,,
346,127,15,112,2082.33,11/16/2024,,,
347,69,22,123,3476.73,1/3/2025,,,
348,397,20,125,4142.02,1/2/2025,,,
349,331,6,72,6441.77,6/28/2024,,,
350,457,35,51,1981.63,5/23/2024,,,
351,40,5,5,6373.41,10/3/2025,,,
352,16,26,55,6798.21,10/8/2025,,,
353,134,35,139,3546.06,7/18/2025,,,
354,77,24,101,1682.57,3/4/2026,,,
355,302,19,35,3490.61,3/1/2026,,,
356,47,26,94,3771.23,6/6/2025,,,
357,123,11,132,1061.38,11/9/2025,,,
358,92,10,124,7044.42,6/12/2024,,,
359,113,32,60,480.83,2/11/2024,,,
360,120,3,53,3888.96,1/13/2025,,,
361,199,31,117,6612.82,1/4/2025,,,
362,333,21,27,5280.98,2/10/2024,,,
363,325,18,68,4343.95,6/17/2025,,,
364,90,25,97,2746.07,8/6/2025,,,
365,460,5,133,1894.38,10/31/2025,,,
366,265,26,91,6131.1,8/16/2024,,,
367,250,31,2,3768.76,12/19/2024,,,
368,226,11,59,587.39,5/22/2024,,,
369,144,14,39,1409.92,10/20/2025,,,
370,309,8,59,3115.46,1/5/2025,,,
371,369,8,124,5067.47,12/4/2024,,,
372,108,11,106,178.12,5/5/2025,,,
373,66,11,35,4725.26,2/14/2024,,,
374,457,10,15,1255.9,2/10/2024,,,
375,265,26,145,4785.79,7/3/2024,,,
376,373,19,22,1632.28,1/6/2026,,,
377,242,31,44,1653.03,9/13/2025,,,
378,308,10,150,6155.19,2/24/2025,,,
379,320,33,68,1266.24,7/5/2024,,,
380,176,30,18,1731.31,12/3/2025,,,
381,68,7,5,1525.59,1/29/2025,,,
382,351,27,39,4545.28,5/31/2025,,,
383,244,3,137,3779.94,6/30/2024,,,
384,48,31,34,6765.87,4/30/2024,,,
385,424,1,111,3920.11,7/6/2025,,,
386,448,3,136,3222.88,1/14/2025,,,
387,405,25,90,4421.97,5/8/2025,,,
388,465,7,109,1012.78,1/29/2026,,,
389,393,15,22,2131.67,5/3/2025,,,
390,210,17,49,50.97,7/10/2025,,,
391,405,1,148,3923.83,1/31/2026,,,
392,4,25,53,5161.37,6/16/2025,,,
393,210,24,28,1169.29,11/19/2024,,,
394,300,17,67,6413.78,10/29/2025,,,
395,290,24,71,7438.57,3/9/2025,,,
396,387,14,106,4145.27,2/10/2025,,,
397,248,12,95,4197.61,7/24/2025,,,
398,130,20,148,2589.23,5/10/2025,,,
399,204,9,31,5611.13,12/23/2025,,,
400,401,11,26,1616.29,4/2/2025,,,
401,403,22,141,4609.05,2/14/2025,,,
402,362,4,42,2924.39,12/1/2025,,,
403,3,6,38,3542.8,10/13/2025,,,
404,223,6,17,1980.56,9/6/2025,,,
405,41,3,99,6980.83,1/14/2025,,,
406,315,34,74,5339.93,2/14/2025,,,
407,30,12,127,3297.9,9/3/2025,,,
408,436,34,74,1468.65,7/25/2024,,,
409,262,34,60,4617.77,9/5/2025,,,
410,19,24,62,4916.09,11/21/2025,,,
411,45,18,103,2654.93,6/10/2024,,,
412,208,13,133,125.1,2/8/2025,,,
413,36,6,141,2140.86,12/21/2025,,,
414,469,23,89,7225.02,7/26/2025,,,
415,116,13,117,6973.56,10/10/2024,,,
416,3,17,45,3059.44,8/11/2025,,,
417,287,5,129,2213.95,4/19/2024,,,
418,412,33,66,6572.09,4/29/2024,,,
419,129,29,97,4228.13,8/11/2025,,,
420,125,22,118,5115.14,2/27/2026,,,
421,442,2,124,880.85,8/23/2025,,,
422,196,15,59,6003.21,3/10/2024,,,
423,490,23,133,4022.03,2/26/2025,,,
424,427,17,64,2161.8,12/18/2025,,,
425,345,22,20,4163.59,2/12/2025,,,
426,244,21,91,1647.06,7/1/2024,,,
427,138,12,49,3747.51,8/10/2025,,,
428,121,16,68,1558.77,7/23/2024,,,
429,428,16,92,1178.41,7/26/2024,,,
430,62,6,127,4607.56,4/19/2024,,,
431,439,35,11,6361.6,2/21/2026,,,
432,318,21,127,6736.93,1/15/2025,,,
433,445,18,126,1379.71,8/11/2025,,,
434,469,33,72,2990.12,2/21/2026,,,
435,296,9,14,3947.76,2/7/2026,,,
436,245,35,9,3773.54,3/9/2025,,,
437,441,12,118,7324.04,2/7/2025,,,
438,266,30,81,5172.19,12/16/2025,,,
439,346,14,98,4361.75,1/13/2024,,,
440,186,17,48,4118.74,11/29/2024,,,
441,138,31,88,2750.77,8/30/2024,,,
442,218,14,108,5258.34,5/25/2025,,,
443,187,26,72,3385.96,1/16/2025,,,
444,68,15,26,5408.91,8/8/2025,,,
445,285,28,98,1478.51,8/29/2024,,,
446,77,31,3,1332.79,1/26/2026,,,
447,69,34,137,5407,5/26/2025,,,
448,154,17,144,6440.18,5/13/2025,,,
449,204,7,42,459.67,2/18/2024,,,
450,244,7,116,5587,9/17/2024,,,
451,185,24,144,4185.61,9/23/2024,,,
452,177,2,106,918.07,9/20/2024,,,
453,494,13,148,4323.45,11/26/2025,,,
454,276,12,73,2669.77,10/26/2025,,,
455,262,32,115,6673.35,11/20/2025,,,
456,315,19,119,4741.52,1/25/2025,,,
457,445,11,87,3169.41,5/28/2024,,,
458,293,26,19,602.55,9/19/2025,,,
459,117,21,82,4901.07,12/17/2024,,,
460,137,26,70,6658.81,12/28/2025,,,
461,442,24,134,7241.79,3/10/2026,,,
462,86,12,6,946.55,2/27/2025,,,
463,339,17,21,1587.18,8/28/2024,,,
464,53,7,17,7026.58,2/10/2025,,,
465,281,4,7,5784.29,4/29/2025,,,
466,392,6,27,1975.77,6/20/2025,,,
467,44,25,80,1727.88,6/8/2024,,,
468,146,29,33,993.27,1/25/2026,,,
469,15,3,92,6454.16,6/23/2024,,,
470,443,31,120,7312.61,11/29/2024,,,
471,479,18,141,3341.89,7/7/2025,,,
472,277,12,117,4736.55,12/15/2025,,,
473,450,28,135,4802,10/13/2025,,,
474,159,23,124,4052.11,6/30/2025,,,
475,227,20,94,3097.41,4/1/2024,,,
476,156,1,1,3929.64,6/8/2024,,,
477,435,9,89,2157.85,2/15/2026,,,
478,5,32,123,2254.08,7/1/2025,,,
479,221,19,60,5977.79,2/23/2026,,,
480,192,13,106,6617.39,7/15/2025,,,
481,203,16,42,5364.89,3/23/2025,,,
482,200,25,57,1979.72,10/23/2025,,,
483,321,16,133,5736.39,3/8/2025,,,
484,414,18,73,4866.94,9/19/2025,,,
485,415,18,106,1418.12,6/28/2025,,,
486,94,9,75,836.57,3/11/2024,,,
487,317,29,70,5256.54,4/11/2025,,,
488,97,21,5,1149.6,5/18/2025,,,
489,12,12,27,2123.04,7/1/2025,,,
490,367,29,3,1753.75,5/8/2024,,,
491,8,32,56,2570.93,6/3/2024,,,
492,403,32,96,3483,11/15/2024,,,
493,170,6,38,429.73,2/2/2024,,,
494,201,5,140,3531.4,3/5/2026,,,
495,459,17,98,6213.61,7/15/2024,,,
496,499,16,99,5786.48,5/4/2024,,,
497,127,3,51,3461.65,3/29/2025,,,
498,49,34,54,3551.46,2/28/2026,,,
499,493,20,83,1198,11/28/2025,,,
500,22,34,32,1907.31,1/15/2026,,,
501,153,13,93,6657.52,10/15/2025,,,
502,112,8,61,4750.49,11/13/2025,,,
503,8,11,71,4389.38,11/28/2024,,,
504,405,16,3,7266.57,2/9/2025,,,
505,402,31,40,2791.78,8/18/2025,,,
506,128,11,128,694.6,4/1/2024,,,
507,174,4,16,2672.83,9/25/2025,,,
508,360,35,28,952.45,6/6/2024,,,
509,163,23,113,5501.58,8/26/2024,,,
510,353,25,92,5435.75,1/22/2024,,,
511,461,3,125,5302.63,9/13/2024,,,
512,151,35,126,1431.42,7/26/2025,,,
513,279,23,83,5495.69,7/10/2024,,,
514,445,11,18,3988.22,10/8/2024,,,
515,152,17,139,2759.67,4/5/2025,,,
516,398,33,98,5505.1,1/1/2024,,,
517,318,24,62,2412,1/20/2024,,,
518,338,35,100,1432.12,3/5/2024,,,
519,255,10,73,2426.27,11/30/2025,,,
520,165,8,25,3928.77,10/18/2025,,,
521,23,9,46,6552.46,3/9/2024,,,
522,55,32,50,749.66,7/25/2024,,,
523,329,25,126,3948.4,8/7/2025,,,
524,303,17,13,2753.99,12/19/2025,,,
525,368,5,4,6977.28,9/12/2025,,,
526,336,32,21,3515.76,8/1/2024,,,
527,32,24,143,5578.65,10/16/2025,,,
528,421,24,15,6179.09,3/1/2025,,,
529,271,3,19,6260.08,9/29/2024,,,
530,484,14,133,737.42,3/20/2024,,,
531,119,35,99,1429.06,1/12/2026,,,
532,337,16,146,4693.68,6/22/2025,,,
533,286,27,28,5749.46,7/2/2024,,,
534,184,30,110,6622.35,8/13/2025,,,
535,406,12,141,3017.66,6/19/2024,,,
536,337,11,137,7488.27,12/11/2024,,,
537,478,23,81,4130.11,3/29/2025,,,
538,433,24,106,5733.74,11/28/2024,,,
539,423,21,62,4227.95,3/16/2025,,,
540,193,17,93,7212.77,8/7/2024,,,
541,492,26,1,5450.09,4/3/2025,,,
542,306,2,133,1021.79,10/18/2024,,,
543,4,20,57,1619.02,11/5/2024,,,
544,12,18,142,3839.42,11/18/2024,,,
545,475,10,25,292.64,8/7/2025,,,
546,80,9,68,2759.45,12/30/2024,,,
547,128,15,66,6084.95,8/19/2025,,,
548,293,26,146,6884.93,4/4/2024,,,
549,40,21,124,1305.04,1/21/2026,,,
550,360,7,77,289.91,12/7/2025,,,
551,196,6,15,6914.82,8/13/2025,,,
552,179,28,107,6977.54,12/8/2024,,,
553,446,15,3,4757.81,5/3/2024,,,
554,196,4,79,3937.63,10/9/2025,,,
555,277,10,84,3772.99,11/22/2024,,,
556,79,4,101,7283.09,8/14/2024,,,
557,305,33,24,1673.42,2/9/2026,,,
558,403,26,38,1000.1,10/23/2024,,,
559,244,4,141,2999.94,3/25/2024,,,
560,205,33,112,5805.95,3/28/2024,,,
561,391,9,124,4199.13,5/13/2024,,,
562,203,13,144,4623.82,5/14/2025,,,
563,269,16,63,546.61,1/23/2026,,,
564,221,21,148,681.06,3/6/2026,,,
565,212,28,94,2618.83,11/18/2025,,,
566,177,2,79,1277.72,11/24/2024,,,
567,316,29,38,3309.07,12/24/2024,,,
568,103,24,40,5685.43,8/27/2024,,,
569,58,4,63,7117.57,3/28/2024,,,
570,445,19,4,2581.1,5/31/2024,,,
571,157,29,121,180.38,4/23/2024,,,
572,379,35,55,1536.47,8/2/2024,,,
573,385,17,141,3627.87,6/19/2025,,,
574,73,2,97,4376.71,1/17/2026,,,
575,270,3,66,1285.69,11/10/2025,,,
576,103,18,14,3492.56,10/17/2024,,,
577,35,25,70,4975.73,1/9/2024,,,
578,185,7,5,2200.79,11/6/2025,,,
579,198,15,98,3818.97,10/26/2025,,,
580,51,21,125,6502.13,12/27/2025,,,
581,46,12,51,3759.87,6/28/2025,,,
582,288,2,11,1862.97,4/13/2025,,,
583,157,22,126,2956.56,6/26/2025,,,
584,10,23,91,2671.78,6/9/2024,,,
585,121,33,71,6091.08,11/5/2024,,,
586,132,25,8,7081.58,10/2/2025,,,
587,116,10,88,6729.84,10/13/2024,,,
588,71,6,98,3910.18,11/3/2025,,,
589,314,15,107,1810.3,11/25/2025,,,
590,219,20,85,3374.28,6/5/2024,,,
591,106,9,149,4064.74,5/14/2024,,,
592,442,9,80,5167.11,7/26/2024,,,
593,466,9,111,7467.69,6/20/2025,,,
594,75,11,82,517.93,2/27/2026,,,
595,486,8,48,2388.81,6/29/2025,,,
596,373,2,82,6602.19,5/29/2024,,,
597,493,27,78,3328.1,2/27/2025,,,
598,478,18,39,5845.52,10/14/2025,,,
599,68,12,7,5720.73,4/19/2024,,,
600,316,18,146,4596.59,9/18/2025,,,
601,119,15,7,2700.87,9/2/2025,,,
602,400,31,35,3772.41,12/5/2025,,,
603,241,24,48,6392.45,9/11/2025,,,
604,243,9,42,1457.52,5/18/2025,,,
605,210,1,70,7126.98,2/3/2024,,,
606,381,13,53,505.36,8/15/2024,,,
607,444,32,84,6502.14,3/25/2025,,,
608,219,26,11,4563.4,9/9/2024,,,
609,369,21,101,4590.17,1/24/2025,,,
610,293,35,135,4814.04,1/30/2026,,,
611,403,3,134,828.78,12/22/2025,,,
612,424,3,63,3895.08,4/12/2025,,,
613,377,3,143,2911.61,2/9/2025,,,
614,323,4,49,2190.93,2/22/2026,,,
615,453,20,74,3465.49,2/11/2025,,,
616,151,4,133,6778.53,3/8/2025,,,
617,425,29,24,5422.62,4/19/2025,,,
618,93,35,35,2954.07,4/25/2024,,,
619,231,2,46,3408.07,11/27/2024,,,
620,459,13,117,685.45,12/30/2025,,,
621,355,11,32,693.02,11/27/2024,,,
622,231,24,22,3933.39,12/24/2025,,,
623,373,33,41,2846.3,1/28/2025,,,
624,23,11,86,4245.53,1/24/2025,,,
625,442,10,42,6517.45,11/6/2025,,,
626,394,4,108,2317.39,7/2/2024,,,
627,394,29,74,4702.13,1/17/2026,,,
628,461,9,52,36.46,4/30/2024,,,
629,130,1,118,3737.23,2/22/2026,,,
630,279,1,127,1791.71,5/25/2025,,,
631,338,31,117,3082.03,8/25/2025,,,
632,308,1,63,6617.44,3/22/2024,,,
633,318,14,13,1394.45,10/11/2024,,,
634,335,23,10,1098.85,2/26/2024,,,
635,342,20,85,6903.68,2/3/2024,,,
636,56,27,46,1218.4,2/20/2024,,,
637,313,12,117,5622.52,10/18/2024,,,
638,477,3,24,5766.15,1/3/2025,,,
639,189,25,18,5690.73,11/26/2024,,,
640,34,19,121,1017.75,7/17/2025,,,
641,441,18,85,3957.62,12/12/2025,,,
642,108,14,15,828.67,6/21/2025,,,
643,323,34,23,3632.64,1/17/2026,,,
644,310,19,110,4570.25,12/6/2025,,,
645,133,34,148,7462.73,11/20/2024,,,
646,475,9,145,3728.01,12/28/2024,,,
647,324,32,127,6061.77,1/16/2026,,,
648,120,19,50,21.84,9/16/2025,,,
649,239,8,54,5998.74,1/25/2024,,,
650,212,3,86,2628.88,2/28/2025,,,
651,109,1,52,5178.23,10/14/2025,,,
652,405,5,79,2259.13,9/17/2024,,,
653,166,1,30,5146.91,7/17/2025,,,
654,203,2,45,1463.18,12/15/2024,,,
655,473,31,122,5981.44,12/12/2024,,,
656,70,31,40,4707.73,10/23/2025,,,
657,459,22,119,5882.08,7/3/2025,,,
658,476,4,134,2252.08,2/27/2025,,,
659,348,21,143,4023.78,1/12/2026,,,
660,296,22,91,505.94,8/1/2024,,,
661,144,2,87,7377.3,6/1/2024,,,
662,274,11,147,4546.61,10/3/2025,,,
663,305,8,79,5292.44,7/10/2024,,,
664,364,3,70,3109.88,11/18/2024,,,
665,450,16,96,3394.78,5/23/2025,,,
666,111,34,78,1320.85,11/5/2024,,,
667,402,3,52,6851.02,1/18/2025,,,
668,260,2,124,6788.12,3/30/2025,,,
669,98,22,124,5495.98,6/6/2024,,,
670,159,21,37,5773.42,6/20/2025,,,
671,421,34,34,1546.85,4/10/2024,,,
672,236,25,134,877.61,2/7/2024,,,
673,478,3,23,2506.34,11/14/2024,,,
674,53,34,80,178.38,2/17/2024,,,
675,160,14,83,1512.16,2/15/2026,,,
676,142,35,82,5798.18,10/20/2024,,,
677,61,18,39,1189.65,11/18/2025,,,
678,8,33,27,1557.26,4/27/2024,,,
679,282,21,70,1070.26,12/24/2024,,,
680,412,19,147,1843.74,12/22/2025,,,
681,160,22,139,3332.92,3/13/2024,,,
682,15,31,13,803.39,5/13/2024,,,
683,45,28,101,1350.58,2/25/2024,,,
684,457,29,92,2350.18,9/2/2025,,,
685,366,35,21,7302.88,7/21/2024,,,
686,392,30,146,997.15,2/12/2026,,,
687,240,7,117,2334.83,12/16/2025,,,
688,364,30,121,1745.39,10/21/2025,,,
689,74,17,94,2946.66,8/17/2024,,,
690,470,22,84,3405.09,12/17/2025,,,
691,34,31,29,2642.29,1/31/2024,,,
692,434,11,73,5761.88,4/17/2025,,,
693,295,9,131,780.96,9/10/2025,,,
694,408,7,84,4175.56,1/1/2026,,,
695,406,20,137,3462.7,3/13/2024,,,
696,212,16,63,4114.14,8/27/2025,,,
697,197,5,88,1569.7,5/8/2025,,,
698,303,28,112,4258.41,12/11/2025,,,
699,279,16,45,4972.97,12/16/2024,,,
700,379,32,30,4445.3,3/20/2024,,,
701,167,7,114,1329.54,4/19/2025,,,
702,36,7,98,2462.29,2/19/2025,,,
703,339,4,24,1639.91,10/22/2025,,,
704,455,1,38,4960,5/22/2024,,,
705,273,19,100,4620.64,4/8/2025,,,
706,101,14,82,2255.02,4/2/2025,,,
707,156,28,89,7427.27,11/26/2025,,,
708,5,33,104,6358.8,8/19/2025,,,
709,32,24,141,7259.57,10/28/2024,,,
710,361,23,29,6460.75,1/1/2024,,,
711,121,28,101,4692.86,2/1/2024,,,
712,196,26,98,3269.57,12/29/2025,,,
713,340,12,122,1051.63,8/4/2024,,,
714,197,24,107,1165.46,7/22/2025,,,
715,65,9,3,547.38,11/17/2025,,,
716,74,32,112,7312.56,1/17/2024,,,
717,44,9,107,6452.54,5/19/2024,,,
718,310,28,47,3413.41,12/13/2025,,,
719,283,29,99,2671.25,3/10/2025,,,
720,218,1,148,3741.2,7/9/2024,,,
721,122,33,69,3087.18,1/18/2026,,,
722,296,24,9,7336.97,7/13/2025,,,
723,248,24,29,4356.21,8/4/2025,,,
724,41,10,135,7377.01,12/8/2025,,,
725,399,18,120,3881.95,2/7/2026,,,
726,456,6,63,3548.66,6/19/2025,,,
727,340,5,139,5987.76,1/29/2026,,,
728,314,4,88,4017.4,11/15/2024,,,
729,241,30,132,6796.35,1/12/2024,,,
730,376,22,108,2653.33,8/10/2025,,,
731,149,11,10,5215.93,10/28/2024,,,
732,384,20,145,1960.72,9/3/2025,,,
733,243,11,147,396.63,10/6/2025,,,
734,415,2,74,3640.85,10/25/2024,,,
735,259,5,72,1897.86,5/9/2024,,,
736,144,18,66,116.38,9/22/2025,,,
737,310,12,39,4947.08,4/24/2024,,,
738,414,12,67,5871.13,1/13/2025,,,
739,249,12,136,6466.49,8/29/2024,,,
740,44,10,40,6283.73,12/17/2024,,,
741,212,25,61,4958.4,2/9/2026,,,
742,327,11,54,4337.4,1/13/2026,,,
743,28,17,30,403.4,12/19/2024,,,
744,205,31,78,3577.23,4/20/2025,,,
745,473,35,60,2854.71,2/9/2026,,,
746,200,31,68,1097.17,12/23/2025,,,
747,7,19,115,2871.21,3/21/2025,,,
748,493,34,11,739.26,11/19/2024,,,
749,327,23,111,4582.54,6/28/2025,,,
750,440,18,86,2034.74,10/29/2025,,,
751,131,26,119,5800.9,4/10/2024,,,
752,124,13,134,2537.18,2/6/2026,,,
753,93,21,141,89.23,12/7/2025,,,
754,426,5,4,3090.25,1/9/2024,,,
755,54,29,90,1653.43,6/21/2025,,,
756,129,13,9,187.52,10/17/2024,,,
757,30,14,32,5313.48,4/4/2024,,,
758,45,9,97,4926.4,5/2/2024,,,
759,290,12,29,5220.45,10/25/2025,,,
760,151,30,20,4794.47,9/16/2024,,,
761,394,28,83,1937.45,10/10/2024,,,
762,38,18,16,2877.16,3/10/2026,,,
763,31,17,68,1342.69,12/6/2024,,,
764,252,13,101,1346.53,3/12/2024,,,
765,56,10,139,5767.62,5/18/2025,,,
766,315,7,114,5368.35,8/11/2024,,,
767,18,5,19,4289.37,4/15/2024,,,
768,398,29,5,6724.88,9/13/2024,,,
769,335,1,10,4987.9,6/1/2024,,,
770,78,22,101,4314.06,9/29/2024,,,
771,363,32,123,3276.07,6/11/2025,,,
772,400,5,139,1701.59,1/15/2026,,,
773,489,31,32,4258.66,1/28/2025,,,
774,171,20,103,423.41,1/2/2025,,,
775,47,24,137,6401.53,10/24/2025,,,
776,42,30,75,4861.97,12/14/2024,,,
777,284,3,99,4958.9,6/29/2024,,,
778,357,25,28,4733.32,11/2/2024,,,
779,250,6,113,5517.58,1/2/2025,,,
780,19,13,7,5400.85,5/23/2024,,,
781,123,32,100,481.81,8/30/2025,,,
782,330,20,128,4009.21,7/7/2025,,,
783,495,2,10,2551.25,4/5/2025,,,
784,404,3,104,895.22,12/11/2024,,,
785,342,34,118,7051.27,10/31/2025,,,
786,77,15,19,286.21,7/3/2025,,,
787,251,2,121,6804.77,5/24/2024,,,
788,24,16,34,117.6,9/25/2025,,,
789,26,20,25,3426.82,10/9/2025,,,
790,428,5,28,865.21,6/23/2024,,,
791,410,15,17,6035.36,9/1/2025,,,
792,173,26,84,914.81,3/12/2025,,,
793,295,35,36,2418.71,12/1/2025,,,
794,392,3,45,2522.92,8/6/2024,,,
795,141,10,107,1268.7,5/3/2024,,,
796,284,11,113,1834.9,1/13/2025,,,
797,21,9,26,5934.98,8/18/2025,,,
798,314,25,41,127.07,10/9/2025,,,
799,42,1,2,1353.8,5/13/2025,,,
800,362,19,107,5204.34,4/1/2024,,,
801,244,9,53,1081.73,3/2/2026,,,
802,268,29,106,1802.01,10/4/2024,,,
803,313,3,47,5381.82,6/27/2024,,,
804,487,6,78,2615.42,9/18/2025,,,
805,286,16,50,890.13,1/5/2024,,,
806,49,24,139,3811.48,6/26/2025,,,
807,395,14,71,407.49,4/20/2025,,,
808,408,10,122,3736.39,4/25/2024,,,
809,344,3,14,4840.01,6/12/2024,,,
810,108,28,65,2513.87,10/18/2024,,,
811,233,3,27,5555.72,2/15/2026,,,
812,91,11,8,3643.11,7/4/2025,,,
813,37,16,114,4449.37,4/28/2024,,,
814,215,13,84,1733.17,11/29/2024,,,
815,167,15,26,1786.02,4/22/2024,,,
816,446,13,97,6686.32,2/26/2025,,,
817,242,32,14,6679.76,3/16/2024,,,
818,111,30,46,2911.1,5/28/2024,,,
819,235,13,92,7316.91,5/19/2024,,,
820,172,9,9,5194.66,7/26/2024,,,
821,144,9,29,6388.87,3/2/2024,,,
822,215,11,88,1656.7,4/14/2025,,,
823,310,11,44,4340.13,10/29/2024,,,
824,438,15,23,3093.6,7/20/2025,,,
825,251,14,122,6279.05,6/18/2025,,,
826,8,28,64,1866.26,10/12/2024,,,
827,297,15,39,6854.02,3/20/2025,,,
828,214,3,11,7434.64,1/6/2024,,,
829,394,33,9,3198.48,1/21/2026,,,
830,246,7,116,3719.68,2/7/2025,,,
831,286,1,105,7125,3/26/2024,,,
832,184,19,62,4860.83,5/15/2024,,,
833,9,31,79,1221.9,4/2/2024,,,
834,440,2,117,3483.57,4/15/2025,,,
835,448,26,48,5926.04,5/21/2024,,,
836,321,30,1,6454.27,1/14/2025,,,
837,198,22,136,255.03,3/13/2024,,,
838,386,18,139,4318.47,3/12/2025,,,
839,404,6,86,5520.85,7/31/2024,,,
840,264,24,14,841.14,2/26/2024,,,
841,239,3,94,2754.58,1/9/2025,,,
842,287,5,144,5322.94,10/25/2025,,,
843,71,22,62,4051.86,7/28/2024,,,
844,245,14,58,2410.27,10/26/2025,,,
845,258,28,71,417.91,9/30/2024,,,
846,177,29,125,3765.86,1/16/2025,,,
847,241,35,137,6746.89,5/5/2024,,,
848,318,24,17,1420.77,4/7/2025,,,
849,45,6,101,6735.61,4/13/2025,,,
850,491,5,28,1244.1,10/22/2024,,,
851,357,10,128,1137.23,4/24/2024,,,
852,267,2,76,3129.86,7/28/2024,,,
853,278,9,122,2606.78,11/29/2025,,,
854,378,2,75,1426.06,3/30/2025,,,
855,447,15,134,4838.59,1/23/2024,,,
856,297,22,84,3651.25,2/25/2025,,,
857,357,34,141,3344.97,11/12/2025,,,
858,291,9,79,1296.31,11/7/2024,,,
859,117,31,96,7280.72,9/23/2024,,,
860,433,4,38,2654.88,2/27/2026,,,
861,490,11,42,5341.47,4/11/2025,,,
862,94,12,40,1217.8,10/19/2024,,,
863,22,21,148,957.29,4/29/2024,,,
864,190,12,53,4223.03,9/23/2024,,,
865,341,21,89,1118.1,2/5/2024,,,
866,277,11,137,2268.68,4/4/2025,,,
867,208,32,38,7108.94,1/26/2024,,,
868,80,1,140,7317.25,11/23/2024,,,
869,332,19,122,6720.87,12/5/2024,,,
870,294,10,145,5466.79,2/11/2026,,,
871,174,8,123,6752.31,3/28/2025,,,
872,348,8,79,195.72,5/22/2024,,,
873,431,15,115,2686.88,9/24/2025,,,
874,29,13,150,3952.99,11/30/2024,,,
875,480,18,51,178.89,3/11/2026,,,
876,435,29,23,7319.04,7/5/2025,,,
877,100,32,82,4527.76,2/7/2025,,,
878,484,4,93,2987.71,6/7/2025,,,
879,438,28,95,2901.98,1/3/2026,,,
880,146,23,90,2317.56,1/13/2024,,,
881,448,6,56,5461.62,4/1/2025,,,
882,380,27,114,2171.87,3/30/2025,,,
883,497,28,107,1055.36,1/15/2026,,,
884,307,6,37,1566.3,8/24/2025,,,
885,445,34,86,505.21,5/1/2025,,,
886,388,25,23,59.58,8/27/2025,,,
887,469,18,107,1319.95,10/16/2025,,,
888,364,9,52,1403.19,4/18/2025,,,
889,149,32,11,6172.77,1/25/2025,,,
890,428,20,127,4199.02,11/5/2024,,,
891,115,2,1,1163.64,4/19/2025,,,
892,490,31,32,4907.06,11/3/2024,,,
893,214,12,126,6801.88,10/21/2024,,,
894,126,2,31,5737.74,10/22/2025,,,
895,497,5,93,4362.18,5/19/2025,,,
896,224,17,122,7307.2,8/2/2025,,,
897,192,33,148,141.41,5/2/2024,,,
898,84,4,38,2404.41,9/22/2024,,,
899,70,23,42,406.13,12/10/2025,,,
900,215,23,13,2181.02,1/4/2025,,,
901,328,5,132,1461.67,6/26/2025,,,
902,94,7,43,4082.41,10/5/2025,,,
903,424,20,70,5143.97,11/19/2024,,,
904,186,7,137,4354.55,12/5/2025,,,
905,7,9,133,2117.82,5/27/2024,,,
906,249,27,88,6907.6,3/8/2026,,,
907,53,14,40,3780.34,6/15/2024,,,
908,408,34,137,5346.98,7/11/2024,,,
909,388,8,107,3459.08,12/20/2025,,,
910,60,9,5,3601.59,3/19/2024,,,
911,354,24,36,6129.62,11/15/2024,,,
912,268,22,45,5327.11,9/3/2025,,,
913,382,8,57,974.07,1/30/2024,,,
914,73,15,79,948.83,12/11/2025,,,
915,41,28,29,592.24,5/13/2024,,,
916,248,28,11,1480.67,3/4/2026,,,
917,407,33,16,3523.43,2/3/2024,,,
918,23,5,78,5010.22,9/16/2024,,,
919,50,8,53,4411.15,2/11/2026,,,
920,95,23,8,689.94,7/23/2024,,,
921,483,18,149,2615.3,2/3/2026,,,
922,438,33,62,3791.77,6/13/2024,,,
923,51,1,136,1635.32,3/10/2024,,,
924,494,19,44,6763.44,7/15/2024,,,
925,3,7,55,6904.37,7/4/2025,,,
926,244,24,48,3303.1,12/25/2025,,,
927,93,23,98,3186.45,4/19/2024,,,
928,117,27,29,5712.96,6/10/2025,,,
929,64,30,29,3902.76,11/17/2024,,,
930,391,24,74,4182.92,5/22/2025,,,
931,43,21,127,876.76,2/11/2024,,,
932,234,20,114,1701.79,10/17/2024,,,
933,149,28,49,6427.24,2/21/2025,,,
934,481,24,46,105.77,5/2/2025,,,
935,252,7,102,3291.06,11/21/2025,,,
936,347,6,31,1083.82,11/5/2025,,,
937,356,7,44,494.68,2/14/2025,,,
938,174,13,104,929.49,7/22/2024,,,
939,372,32,72,5738.48,3/10/2025,,,
940,298,18,103,2677.17,2/23/2026,,,
941,309,26,125,3840.49,11/13/2025,,,
942,394,30,28,925.2,5/30/2024,,,
943,255,15,35,232.63,5/16/2025,,,
944,28,5,128,5089.02,1/25/2026,,,
945,196,21,40,2277.62,7/2/2024,,,
946,50,5,134,5759.12,9/30/2025,,,
947,104,19,128,3681.98,4/22/2025,,,
948,278,22,139,4104.18,9/24/2024,,,
949,17,28,31,2883.39,2/21/2026,,,
950,437,25,114,3452.83,11/18/2024,,,
951,91,20,43,3691.18,2/3/2024,,,
952,160,25,125,5732.44,5/17/2024,,,
953,346,32,142,5143.45,8/5/2025,,,
954,241,31,144,6409.09,8/8/2025,,,
955,29,26,68,3715.24,6/2/2025,,,
956,316,23,73,2410.42,1/21/2025,,,
957,303,3,33,6278.64,1/29/2024,,,
958,415,2,88,2860.49,12/23/2024,,,
959,177,23,106,2641.01,3/14/2025,,,
960,126,16,61,4864.14,11/8/2025,,,
961,44,5,79,867.39,8/29/2025,,,
962,11,35,84,289.96,6/22/2024,,,
963,443,28,146,3865.55,11/4/2025,,,
964,137,2,121,4414.04,3/7/2025,,,
965,194,25,83,4298.31,11/20/2024,,,
966,52,14,87,3730.52,5/15/2025,,,
967,342,22,43,4615.06,2/22/2026,,,
968,497,28,52,3732.17,1/7/2025,,,
969,431,35,55,2162.29,3/18/2024,,,
970,153,26,58,4688.05,2/18/2024,,,
971,368,7,87,2057.5,4/4/2024,,,
972,411,34,122,3209.02,8/3/2025,,,
973,408,5,78,3789.75,12/21/2024,,,
974,222,35,81,1508.58,11/3/2024,,,
975,129,33,117,5039.99,2/15/2025,,,
976,93,2,133,6471.7,7/14/2025,,,
977,256,14,120,2016.84,8/13/2025,,,
978,273,28,145,5452.35,10/15/2025,,,
979,268,13,94,3474.03,3/2/2024,,,
980,78,20,112,3082.85,9/3/2024,,,
981,325,14,106,2009.34,3/6/2024,,,
982,331,11,66,5154.54,10/20/2024,,,
983,208,16,30,1133.22,8/29/2024,,,
984,126,20,119,3645.51,1/29/2024,,,
985,217,3,52,1203.6,3/22/2025,,,
986,15,17,72,4943.44,5/19/2024,,,
987,330,3,125,5868.93,6/29/2024,,,
988,441,6,81,4515.98,2/26/2024,,,
989,462,27,94,5040.82,3/6/2024,,,
990,204,9,61,848.37,4/2/2024,,,
991,257,8,134,4984.99,1/22/2026,,,
992,487,34,65,3728.42,8/17/2025,,,
993,122,8,81,2476.35,4/2/2024,,,
994,378,25,61,7016.9,8/21/2025,,,
995,74,7,45,1613.67,8/11/2024,,,
996,226,27,66,6473.12,10/8/2024,,,
997,252,35,96,5250.14,2/27/2024,,,
998,163,35,109,3566.66,4/25/2024,,,
999,494,18,38,2728.86,9/9/2024,,,
1000,189,20,6,4844.03,1/2/2026,,,
