paymentID,orderID,paymentMethod,paymentStatus,amount,transactionID,paymentDate
1,1,Net Banking,Failed,1824.41,TXN81147560,2025-10-05
2,2,Debit Card,Paid,2690.11,TXN34151665,2025-08-27
3,3,Net Banking,Pending,3822.83,TXN92915130,2025-10-16
4,4,Cash on Delivery,Paid,1120.53,TXN52567911,2025-01-14
5,5,Net Banking,Paid,809.32,TXN64818229,2025-06-13
6,6,Net Banking,Paid,3668.03,TXN14619629,2025-10-31
7,7,Cash on Delivery,Failed,742.43,TXN83054402,2025-07-30
8,8,Credit Card,Pending,1430.83,TXN50830994,2025-01-23
9,9,Debit Card,Paid,3561.19,TXN86446289,2026-05-06
10,10,Cash on Delivery,Pending,1406.99,TXN40855338,2025-10-02
11,11,Credit Card,Paid,530.86,TXN98299249,2025-09-03
12,12,Debit Card,Paid,4221.18,TXN30262838,2026-04-01
13,13,UPI,Failed,4024.23,TXN73737499,2026-03-06
14,14,Credit Card,Failed,4782.98,TXN98661162,2026-04-28
15,15,Net Banking,Pending,4682.07,TXN18515855,2026-05-12
16,16,Net Banking,Failed,722.77,TXN78747890,2025-09-17
17,17,Cash on Delivery,Pending,3336.32,TXN69468228,2025-08-10
18,18,Debit Card,Failed,1373.24,TXN86010626,2025-07-26
19,19,Cash on Delivery,Paid,1221.29,TXN34275759,2026-04-07
20,20,Debit Card,Paid,3465.71,TXN13458383,2025-11-04
21,21,Net Banking,Paid,2155.48,TXN71780679,2025-10-28
22,22,Credit Card,Failed,4512.02,TXN57129670,2025-11-17
23,23,Debit Card,Paid,2608.33,TXN47137138,2026-03-31
24,24,Cash on Delivery,Refunded,4228.69,TXN27420684,2025-09-26
25,25,Debit Card,Failed,2901.98,TXN42658854,2025-08-09
26,26,UPI,Refunded,2497.4,TXN26162121,2025-07-16
27,27,Cash on Delivery,Paid,1505.15,TXN53568855,2025-01-13
28,28,Credit Card,Pending,3163.8,TXN49407662,2025-12-06
29,29,Net Banking,Refunded,3726.43,TXN63535981,2025-03-29
30,30,Net Banking,Failed,3220.05,TXN99199624,2026-02-02
31,31,UPI,Failed,3353.16,TXN85500979,2026-03-03
32,32,UPI,Paid,508.49,TXN12515574,2025-12-10
33,33,Debit Card,Pending,1465.88,TXN82157252,2025-05-18
34,34,Debit Card,Paid,2439.07,TXN71031875,2026-01-03
35,35,Credit Card,Refunded,4382.03,TXN17766671,2025-05-02
36,36,Credit Card,Failed,212.28,TXN30547274,2025-09-20
37,37,UPI,Failed,4967.59,TXN15476688,2025-04-29
38,38,Net Banking,Pending,953.74,TXN15126068,2025-01-03
39,39,Debit Card,Failed,4203.88,TXN35348042,2025-04-24
40,40,Net Banking,Failed,4208.11,TXN63477576,2025-11-06
41,41,Net Banking,Refunded,2605.77,TXN85801698,2025-05-20
42,42,Net Banking,Failed,4635.19,TXN31743472,2025-02-10
43,43,Cash on Delivery,Pending,4496.96,TXN45862585,2025-03-24
44,44,Net Banking,Refunded,4954.51,TXN56616125,2026-01-19
45,45,Net Banking,Failed,4687.4,TXN48433924,2025-08-22
46,46,Cash on Delivery,Pending,1276.68,TXN45531691,2025-10-05
47,47,UPI,Refunded,198.3,TXN62320527,2025-12-03
48,48,Cash on Delivery,Refunded,886.22,TXN75853800,2026-01-30
49,49,Net Banking,Paid,176.98,TXN39475387,2026-02-25
50,50,UPI,Pending,845.11,TXN19148537,2025-07-16
51,51,Net Banking,Paid,564.58,TXN17770971,2025-10-09
52,52,Net Banking,Pending,1430.07,TXN57748630,2025-09-28
53,53,Debit Card,Refunded,3017.92,TXN61299544,2025-02-26
54,54,Debit Card,Paid,4688.14,TXN40767604,2025-07-19
55,55,Cash on Delivery,Refunded,4105.92,TXN67362756,2025-08-14
56,56,Net Banking,Refunded,2213.7,TXN35049730,2026-04-09
57,57,Debit Card,Refunded,839.19,TXN60529039,2025-01-28
58,58,Debit Card,Pending,429.66,TXN29503123,2025-10-31
59,59,UPI,Pending,3844.21,TXN74056705,2026-04-14
60,60,Debit Card,Pending,4738.66,TXN37287837,2025-04-30
61,61,Credit Card,Failed,1565.33,TXN67142170,2026-03-11
62,62,UPI,Paid,2496.88,TXN13270241,2025-12-27
63,63,Credit Card,Failed,1903.8,TXN69547614,2025-03-21
64,64,Net Banking,Refunded,2599.77,TXN74688601,2025-05-20
65,65,Cash on Delivery,Paid,4511.65,TXN28689697,2025-02-11
66,66,Net Banking,Pending,4595.93,TXN22191572,2025-10-12
67,67,Credit Card,Refunded,139.99,TXN36070536,2025-01-13
68,68,Cash on Delivery,Refunded,3629.49,TXN45436064,2025-07-25
69,69,UPI,Failed,2828.32,TXN72190988,2026-03-21
70,70,Debit Card,Pending,1282.92,TXN91021131,2026-01-08
71,71,Net Banking,Paid,230.09,TXN48978279,2025-12-28
72,72,UPI,Failed,1790.52,TXN52575215,2025-12-03
73,73,Cash on Delivery,Refunded,2965.59,TXN62618053,2026-01-26
74,74,UPI,Failed,3502.25,TXN97336887,2026-01-24
75,75,UPI,Paid,577.01,TXN11544475,2025-07-27
76,76,Cash on Delivery,Failed,4583.07,TXN56739823,2026-02-01
77,77,UPI,Pending,960.33,TXN48322003,2026-01-12
78,78,Net Banking,Pending,2630.49,TXN86540403,2025-11-10
79,79,Cash on Delivery,Refunded,2398.9,TXN14686863,2025-05-31
80,80,Cash on Delivery,Failed,3917.56,TXN29657601,2025-07-20
81,81,Net Banking,Pending,1687.57,TXN77555842,2025-08-21
82,82,Cash on Delivery,Failed,4483.33,TXN44963417,2025-02-10
83,83,UPI,Refunded,2019.95,TXN31419420,2026-01-09
84,84,Debit Card,Failed,4227.18,TXN46798311,2026-04-25
85,85,UPI,Paid,711.72,TXN24343258,2026-05-10
86,86,Net Banking,Pending,2393.01,TXN41896868,2025-03-19
87,87,UPI,Paid,303.47,TXN15025612,2025-02-10
88,88,UPI,Refunded,2937.27,TXN65692582,2025-02-28
89,89,UPI,Paid,818.06,TXN62281589,2025-06-27
90,90,Cash on Delivery,Pending,4877.8,TXN31371735,2025-11-11
91,91,Credit Card,Refunded,2727.89,TXN91167936,2025-09-08
92,92,Cash on Delivery,Pending,2050.45,TXN53751875,2025-09-20
93,93,UPI,Paid,2697.55,TXN87240468,2025-02-06
94,94,UPI,Paid,1559.77,TXN98952184,2025-08-19
95,95,Cash on Delivery,Refunded,333.11,TXN89374114,2025-05-24
96,96,Debit Card,Failed,4669.46,TXN61435089,2026-04-30
97,97,Credit Card,Refunded,674.45,TXN96055384,2026-05-09
98,98,Cash on Delivery,Paid,3360.85,TXN59128595,2025-03-06
99,99,UPI,Failed,4371.91,TXN30846651,2025-08-17
100,100,Debit Card,Pending,1446.44,TXN54089475,2025-07-11
101,101,Cash on Delivery,Pending,4619.43,TXN92462669,2025-03-14
102,102,Net Banking,Refunded,136.43,TXN96053683,2025-12-29
103,103,Debit Card,Failed,723.49,TXN93739228,2025-12-09
104,104,UPI,Refunded,2255.95,TXN79143002,2025-05-09
105,105,Credit Card,Pending,1661.61,TXN42486499,2026-05-16
106,106,UPI,Failed,1943.12,TXN78022617,2025-05-12
107,107,Net Banking,Paid,788.6,TXN79316978,2026-01-27
108,108,UPI,Pending,4017.64,TXN24555543,2025-05-22
109,109,UPI,Failed,2188.06,TXN79527051,2025-03-14
110,110,Credit Card,Pending,3365.17,TXN38910635,2026-02-13
111,111,Debit Card,Refunded,1435.46,TXN43799881,2026-03-05
112,112,UPI,Pending,2877.73,TXN44528745,2025-03-18
113,113,Cash on Delivery,Paid,4624.06,TXN55897756,2026-04-07
114,114,Credit Card,Pending,182.22,TXN44838235,2026-04-26
115,115,UPI,Failed,3249.49,TXN59532498,2025-04-28
116,116,Credit Card,Paid,3472.15,TXN10611732,2025-07-09
117,117,Cash on Delivery,Refunded,4671.19,TXN65080830,2025-06-23
118,118,Debit Card,Failed,1780.98,TXN92489549,2025-10-29
119,119,Cash on Delivery,Paid,1451.71,TXN68690955,2025-06-30
120,120,Debit Card,Refunded,1192.88,TXN13927468,2025-08-30
121,121,UPI,Pending,620.29,TXN93513056,2025-09-29
122,122,Cash on Delivery,Failed,3795.55,TXN49442020,2026-01-31
123,123,UPI,Paid,2174.19,TXN63266081,2025-11-15
124,124,Credit Card,Failed,848.33,TXN99915710,2025-10-28
125,125,UPI,Failed,4674.61,TXN96767169,2025-09-10
126,126,Net Banking,Pending,4611.16,TXN98063367,2026-04-07
127,127,UPI,Refunded,1613.12,TXN49326072,2025-10-13
128,128,Cash on Delivery,Refunded,3961.03,TXN73885893,2025-05-09
129,129,Cash on Delivery,Refunded,753.5,TXN38306608,2025-06-20
130,130,Cash on Delivery,Refunded,1461.68,TXN76735306,2025-06-09
131,131,Debit Card,Refunded,1565.23,TXN54831333,2025-03-23
132,132,Net Banking,Failed,4873.34,TXN98226714,2025-05-13
133,133,Credit Card,Failed,4181.56,TXN15310700,2025-09-11
134,134,Debit Card,Paid,554.47,TXN80182893,2025-04-16
135,135,Net Banking,Paid,3753.55,TXN92892388,2025-01-21
136,136,Credit Card,Paid,3168.14,TXN56222687,2025-06-15
137,137,Cash on Delivery,Failed,1283.02,TXN42324573,2025-07-01
138,138,Debit Card,Paid,2649.56,TXN97602906,2025-01-17
139,139,Debit Card,Pending,2273.52,TXN67559461,2025-03-28
140,140,UPI,Paid,1517.55,TXN76735291,2025-03-26
141,141,Cash on Delivery,Paid,2012.86,TXN61002410,2026-05-04
142,142,UPI,Pending,1510.55,TXN54777498,2026-04-11
143,143,Net Banking,Pending,2154.49,TXN87778707,2025-10-22
144,144,Debit Card,Failed,2605.66,TXN97819893,2025-02-15
145,145,Credit Card,Failed,978.77,TXN19693838,2026-04-29
146,146,Net Banking,Pending,4032.01,TXN44312380,2025-08-03
147,147,UPI,Refunded,3911.99,TXN21448799,2025-05-25
148,148,Net Banking,Failed,980.84,TXN51000186,2025-05-10
149,149,UPI,Failed,591.7,TXN33561060,2026-02-08
150,150,Credit Card,Pending,4101.35,TXN15656595,2025-10-08
151,151,UPI,Refunded,3397.45,TXN10366854,2025-10-10
152,152,UPI,Refunded,3660.72,TXN31736172,2025-06-24
153,153,UPI,Pending,3029.31,TXN87511081,2025-04-13
154,154,Cash on Delivery,Paid,3240.01,TXN39569984,2025-09-29
155,155,UPI,Paid,4616.24,TXN80830012,2025-12-16
156,156,Credit Card,Paid,2136.91,TXN63123295,2025-11-12
157,157,Credit Card,Pending,3300.39,TXN22291091,2025-04-08
158,158,Cash on Delivery,Refunded,3096.24,TXN99382736,2025-10-04
159,159,Cash on Delivery,Refunded,3356.55,TXN62157329,2025-04-09
160,160,Cash on Delivery,Refunded,1312.29,TXN29746918,2025-05-30
161,161,Debit Card,Refunded,3589.67,TXN77146427,2025-05-17
162,162,Credit Card,Paid,3240.43,TXN24144374,2026-01-31
163,163,Debit Card,Pending,1171.09,TXN31851054,2025-03-28
164,164,Cash on Delivery,Pending,3302.5,TXN62060867,2025-01-17
165,165,Debit Card,Failed,1382.58,TXN15608106,2025-04-19
166,166,Credit Card,Failed,3863.09,TXN68592191,2026-03-19
167,167,Debit Card,Failed,1576.65,TXN57785729,2026-03-12
168,168,Debit Card,Refunded,3125.34,TXN74868661,2025-05-27
169,169,Cash on Delivery,Refunded,3127.1,TXN28991473,2026-02-06
170,170,Debit Card,Paid,2009.76,TXN76253507,2025-02-06
171,171,Debit Card,Paid,1120.07,TXN46088621,2026-03-19
172,172,Cash on Delivery,Failed,1751.8,TXN67906098,2025-01-03
173,173,Net Banking,Failed,4096.46,TXN59208163,2026-04-10
174,174,Net Banking,Pending,4670.5,TXN68056491,2026-01-04
175,175,UPI,Paid,4323.68,TXN31619090,2025-05-29
176,176,Debit Card,Failed,3559.38,TXN61272331,2026-04-13
177,177,Net Banking,Paid,703.2,TXN68215623,2026-03-24
178,178,Credit Card,Failed,3079.37,TXN61493675,2025-02-27
179,179,Credit Card,Paid,947.2,TXN56556048,2025-03-10
180,180,Credit Card,Failed,1683.42,TXN94664468,2025-08-14
181,181,Credit Card,Paid,4719.1,TXN77598060,2025-10-16
182,182,Credit Card,Paid,1072.31,TXN46734212,2025-05-08
183,183,UPI,Paid,4865.39,TXN59919141,2025-10-13
184,184,Credit Card,Paid,1498.77,TXN51850167,2026-03-03
185,185,Credit Card,Paid,3316.98,TXN30991451,2025-03-17
186,186,Credit Card,Paid,2988.19,TXN35949300,2025-05-18
187,187,Cash on Delivery,Failed,4618.97,TXN39070637,2025-03-24
188,188,Net Banking,Pending,3929.39,TXN90963733,2025-10-05
189,189,Credit Card,Pending,415.77,TXN19765460,2025-09-13
190,190,Credit Card,Pending,3444.46,TXN83594499,2025-05-06
191,191,Cash on Delivery,Refunded,1371.69,TXN20585523,2025-02-03
192,192,Credit Card,Failed,1841.81,TXN68189476,2025-05-23
193,193,Cash on Delivery,Pending,3938.97,TXN26932820,2026-04-15
194,194,Net Banking,Failed,2814.13,TXN59355163,2025-03-02
195,195,Cash on Delivery,Failed,1197.17,TXN54635802,2025-12-12
196,196,UPI,Paid,3381.31,TXN59296573,2025-04-04
197,197,Credit Card,Failed,4328.6,TXN86897493,2025-08-26
198,198,Net Banking,Pending,1928.75,TXN83326708,2025-03-21
199,199,Cash on Delivery,Pending,2438.46,TXN27043055,2025-05-25
200,200,UPI,Paid,3084.25,TXN98068085,2025-05-25
201,201,Cash on Delivery,Pending,1212.17,TXN50357433,2025-08-06
202,202,Net Banking,Pending,2511.77,TXN95351966,2025-02-01
203,203,Debit Card,Pending,3523.3,TXN67534272,2025-06-08
204,204,Net Banking,Refunded,161.19,TXN66334944,2026-01-24
205,205,Credit Card,Paid,1295.57,TXN61296084,2025-02-23
206,206,UPI,Failed,4740.68,TXN75134494,2026-04-23
207,207,Net Banking,Paid,1907.24,TXN96626529,2026-03-16
208,208,Net Banking,Pending,3010.26,TXN79509608,2025-08-12
209,209,UPI,Pending,4992.13,TXN96851703,2025-10-14
210,210,Credit Card,Failed,4207.5,TXN33954929,2025-01-19
211,211,Debit Card,Failed,2315.22,TXN22468049,2025-03-15
212,212,Net Banking,Failed,2610.91,TXN59207542,2025-02-06
213,213,Net Banking,Pending,1131.66,TXN74563925,2025-09-29
214,214,Credit Card,Pending,4774.06,TXN81151969,2025-03-28
215,215,Debit Card,Failed,4886.48,TXN92229904,2025-06-23
216,216,Credit Card,Pending,2914.7,TXN47794196,2025-09-17
217,217,Cash on Delivery,Paid,703.99,TXN14921719,2026-01-30
218,218,Cash on Delivery,Pending,3153.46,TXN71219160,2025-02-15
219,219,Credit Card,Paid,2749.68,TXN28815629,2025-07-29
220,220,Debit Card,Failed,1666.33,TXN35568561,2025-12-08
221,221,UPI,Failed,4475.24,TXN59106924,2025-08-26
222,222,Cash on Delivery,Refunded,148.06,TXN60258851,2025-04-19
223,223,UPI,Paid,4186.7,TXN69769593,2025-11-17
224,224,Net Banking,Refunded,4002.97,TXN33258608,2026-01-24
225,225,Credit Card,Refunded,1565.98,TXN54616040,2026-05-10
226,226,UPI,Paid,1137.96,TXN34421010,2025-01-21
227,227,UPI,Refunded,3045.37,TXN89677701,2025-06-16
228,228,Debit Card,Paid,2674.57,TXN95963127,2026-04-01
229,229,UPI,Pending,1324.54,TXN65472959,2026-04-12
230,230,Net Banking,Paid,1802.35,TXN61774169,2026-02-18
231,231,Net Banking,Pending,643.03,TXN40791540,2025-12-21
232,232,Cash on Delivery,Refunded,2637.92,TXN11395121,2025-08-12
233,233,Net Banking,Pending,128.56,TXN56987170,2025-03-19
234,234,Credit Card,Pending,480.12,TXN27817204,2025-11-03
235,235,Debit Card,Pending,2064.97,TXN27379437,2025-11-09
236,236,UPI,Pending,770.57,TXN14486658,2026-03-30
237,237,Debit Card,Paid,3020.11,TXN29509444,2025-05-20
238,238,UPI,Failed,3532.67,TXN68091893,2025-01-05
239,239,Credit Card,Failed,3599.0,TXN67188145,2025-06-08
240,240,Net Banking,Refunded,3802.42,TXN49241904,2026-02-06
241,241,Debit Card,Paid,4434.47,TXN51809567,2025-04-06
242,242,UPI,Failed,1226.69,TXN18011353,2026-03-11
243,243,Cash on Delivery,Failed,3941.2,TXN10336695,2025-02-10
244,244,Credit Card,Pending,4884.49,TXN62621281,2025-11-23
245,245,Cash on Delivery,Failed,4043.1,TXN39861942,2026-01-12
246,246,Cash on Delivery,Refunded,3008.4,TXN34606664,2026-03-09
247,247,UPI,Refunded,3641.39,TXN56562180,2025-03-24
248,248,Cash on Delivery,Pending,522.13,TXN37471678,2026-04-23
249,249,Cash on Delivery,Failed,1709.93,TXN21115889,2025-10-14
250,250,Credit Card,Pending,2213.62,TXN92944261,2025-07-02
251,251,Credit Card,Failed,597.99,TXN91960546,2026-03-16
252,252,Net Banking,Pending,488.38,TXN18510870,2025-08-22
253,253,Debit Card,Refunded,431.68,TXN62620337,2025-11-21
254,254,Debit Card,Failed,4213.19,TXN79340371,2025-10-25
255,255,UPI,Pending,3141.06,TXN65250325,2025-11-30
256,256,Net Banking,Refunded,1803.42,TXN26022471,2026-01-13
257,257,Credit Card,Refunded,2292.29,TXN65146256,2025-01-05
258,258,Credit Card,Pending,3374.0,TXN47329146,2025-12-14
259,259,UPI,Pending,3556.0,TXN87854356,2025-11-12
260,260,UPI,Refunded,1619.25,TXN95641211,2025-12-05
261,261,Credit Card,Failed,2987.97,TXN86487307,2026-04-26
262,262,Net Banking,Failed,4550.88,TXN17325090,2026-04-22
263,263,Debit Card,Refunded,790.37,TXN60388340,2026-02-17
264,264,Net Banking,Pending,4523.32,TXN78303822,2025-10-17
265,265,UPI,Refunded,1242.5,TXN81415464,2025-09-07
266,266,Credit Card,Pending,2651.3,TXN12490947,2025-02-01
267,267,Cash on Delivery,Failed,1800.67,TXN84938315,2025-05-03
268,268,Credit Card,Paid,2133.4,TXN39480376,2026-02-06
269,269,UPI,Pending,4724.43,TXN83649762,2025-09-30
270,270,Credit Card,Refunded,542.24,TXN40816051,2025-01-13
271,271,Credit Card,Paid,1867.83,TXN44338164,2026-01-10
272,272,Debit Card,Paid,4404.36,TXN83618703,2025-07-31
273,273,Net Banking,Paid,404.48,TXN95454051,2025-12-11
274,274,Debit Card,Failed,1640.89,TXN51179071,2026-04-21
275,275,Debit Card,Paid,3985.65,TXN88523023,2025-09-05
276,276,UPI,Paid,4771.69,TXN66906227,2025-11-30
277,277,UPI,Pending,460.68,TXN72979633,2025-03-05
278,278,Credit Card,Refunded,4575.94,TXN38835804,2026-04-29
279,279,Net Banking,Failed,4553.9,TXN84932876,2025-05-27
280,280,Credit Card,Failed,2908.4,TXN60530009,2025-09-18
281,281,UPI,Refunded,509.27,TXN93466987,2025-01-16
282,282,Debit Card,Failed,2301.91,TXN34822593,2026-01-04
283,283,Net Banking,Failed,3248.45,TXN72147553,2026-04-18
284,284,Net Banking,Paid,1184.54,TXN49274130,2026-04-17
285,285,Debit Card,Paid,1415.0,TXN89617235,2025-09-10
286,286,UPI,Pending,3640.29,TXN69929173,2025-12-10
287,287,UPI,Pending,2001.49,TXN61877917,2025-08-04
288,288,Credit Card,Paid,2183.03,TXN78685816,2025-09-27
289,289,Cash on Delivery,Pending,3588.84,TXN77477561,2025-01-24
290,290,Net Banking,Refunded,2763.35,TXN50393953,2026-01-05
291,291,Net Banking,Failed,2430.03,TXN99744575,2025-01-11
292,292,Net Banking,Refunded,3403.03,TXN39240972,2025-06-26
293,293,Credit Card,Failed,3861.43,TXN87466688,2025-05-19
294,294,Debit Card,Failed,4472.71,TXN48190603,2026-02-22
295,295,UPI,Paid,1456.99,TXN53652510,2025-08-16
296,296,Debit Card,Pending,2293.86,TXN78321861,2025-12-16
297,297,Credit Card,Pending,4530.65,TXN31073815,2025-06-13
298,298,Credit Card,Failed,1346.22,TXN14054948,2026-04-01
299,299,Credit Card,Pending,3402.02,TXN19651535,2025-07-23
300,300,Cash on Delivery,Failed,515.65,TXN39513222,2025-08-28
301,301,Debit Card,Paid,1531.47,TXN48093349,2025-07-20
302,302,Net Banking,Refunded,4973.71,TXN50387181,2025-03-03
303,303,UPI,Pending,3473.64,TXN23068034,2025-10-11
304,304,Cash on Delivery,Failed,4490.99,TXN68123769,2025-03-26
305,305,Debit Card,Refunded,643.49,TXN51238079,2025-01-30
306,306,Net Banking,Paid,276.41,TXN56190352,2025-06-06
307,307,Credit Card,Refunded,1493.68,TXN46754592,2025-11-18
308,308,Cash on Delivery,Refunded,926.84,TXN84541956,2025-05-27
309,309,UPI,Pending,4102.43,TXN27658945,2026-04-04
310,310,Net Banking,Pending,1980.15,TXN49320167,2025-06-23
311,311,Debit Card,Paid,233.86,TXN82934425,2026-05-11
312,312,UPI,Failed,3225.57,TXN82383991,2025-10-19
313,313,UPI,Failed,4148.24,TXN24254842,2026-02-22
314,314,Cash on Delivery,Paid,710.06,TXN61499999,2025-10-22
315,315,Credit Card,Refunded,537.96,TXN88577849,2026-03-20
316,316,Net Banking,Refunded,259.23,TXN35407392,2025-07-29
317,317,Net Banking,Failed,4901.06,TXN43628224,2025-03-07
318,318,UPI,Failed,2218.41,TXN70737292,2025-09-21
319,319,UPI,Paid,2801.71,TXN66869911,2025-06-01
320,320,Debit Card,Pending,854.11,TXN21109824,2026-04-16
321,321,Cash on Delivery,Refunded,2336.37,TXN98618982,2025-02-26
322,322,Credit Card,Refunded,594.07,TXN31295456,2026-04-28
323,323,UPI,Pending,4368.91,TXN49355492,2025-06-19
324,324,UPI,Failed,2829.25,TXN85838157,2026-05-03
325,325,Net Banking,Failed,2360.09,TXN58865796,2025-09-14
326,326,Cash on Delivery,Failed,2664.46,TXN33399793,2025-11-23
327,327,Credit Card,Paid,4201.13,TXN33508219,2026-04-23
328,328,Credit Card,Pending,1611.56,TXN28036147,2025-11-30
329,329,Net Banking,Pending,3498.4,TXN21380551,2026-04-16
330,330,Cash on Delivery,Failed,4537.34,TXN62927057,2025-09-17
331,331,Net Banking,Failed,3092.29,TXN73161597,2026-01-18
332,332,Credit Card,Failed,1472.61,TXN14718720,2025-03-06
333,333,Cash on Delivery,Pending,4771.61,TXN69075892,2025-05-21
334,334,Net Banking,Failed,1165.92,TXN94244249,2026-04-07
335,335,Debit Card,Pending,4995.77,TXN99502372,2025-02-01
336,336,Cash on Delivery,Failed,865.0,TXN54397975,2025-10-31
337,337,UPI,Failed,850.1,TXN19815019,2025-11-04
338,338,UPI,Paid,463.44,TXN21719819,2026-03-15
339,339,Cash on Delivery,Refunded,4399.43,TXN18251634,2025-03-09
340,340,Net Banking,Refunded,1121.11,TXN47384846,2026-03-16
341,341,Credit Card,Pending,3345.41,TXN64998578,2025-07-01
342,342,Net Banking,Failed,492.72,TXN54766330,2025-03-01
343,343,UPI,Paid,2560.64,TXN29892242,2025-02-22
344,344,Cash on Delivery,Pending,2097.91,TXN37084988,2026-04-10
345,345,Credit Card,Failed,434.04,TXN78952212,2025-12-09
346,346,Cash on Delivery,Refunded,216.15,TXN98402744,2025-12-25
347,347,Net Banking,Paid,1620.73,TXN15888456,2025-03-20
348,348,UPI,Refunded,1511.64,TXN13195347,2026-01-27
349,349,UPI,Pending,4238.56,TXN44428442,2025-05-10
350,350,Cash on Delivery,Failed,3944.82,TXN76983477,2026-05-12
351,351,Credit Card,Refunded,1040.07,TXN14046730,2025-02-09
352,352,Credit Card,Pending,3249.82,TXN42687175,2025-05-01
353,353,UPI,Paid,3000.53,TXN36251747,2025-08-24
354,354,Credit Card,Refunded,2881.72,TXN22715469,2025-11-30
355,355,Net Banking,Refunded,495.16,TXN83153871,2025-04-29
356,356,Credit Card,Refunded,765.03,TXN81642050,2025-06-04
357,357,Cash on Delivery,Paid,4917.54,TXN38011963,2025-06-03
358,358,UPI,Paid,2256.22,TXN63063880,2025-11-24
359,359,UPI,Refunded,2436.1,TXN72994697,2025-11-25
360,360,Credit Card,Failed,2396.98,TXN83568676,2025-04-03
361,361,Cash on Delivery,Pending,4310.27,TXN28494034,2025-04-13
362,362,Credit Card,Refunded,2220.06,TXN75946134,2026-04-05
363,363,UPI,Refunded,1216.52,TXN18956609,2025-05-06
364,364,Net Banking,Refunded,3509.1,TXN64628522,2025-04-19
365,365,Net Banking,Failed,2301.91,TXN59808369,2026-02-23
366,366,Debit Card,Pending,292.19,TXN79537330,2026-04-12
367,367,Net Banking,Pending,3814.59,TXN53969618,2025-02-25
368,368,Credit Card,Pending,605.17,TXN61566719,2025-01-03
369,369,Debit Card,Refunded,1055.22,TXN41229061,2026-02-22
370,370,Credit Card,Refunded,4950.87,TXN50929685,2025-12-14
371,371,UPI,Paid,988.6,TXN56698454,2025-12-07
372,372,Cash on Delivery,Failed,3670.45,TXN75917999,2025-03-21
373,373,UPI,Pending,2330.14,TXN90450900,2026-03-06
374,374,Credit Card,Pending,1820.92,TXN36477753,2025-02-12
375,375,Net Banking,Failed,2195.42,TXN88874356,2026-01-18
376,376,UPI,Paid,1825.53,TXN83414918,2026-04-10
377,377,Cash on Delivery,Refunded,2331.5,TXN48634245,2026-03-12
378,378,Debit Card,Refunded,3543.6,TXN11475755,2026-01-16
379,379,Net Banking,Refunded,4669.51,TXN46691014,2025-02-28
380,380,Cash on Delivery,Failed,386.44,TXN47105441,2026-03-08
381,381,Net Banking,Failed,355.88,TXN88090937,2025-06-12
382,382,Cash on Delivery,Pending,4431.45,TXN32889953,2026-03-07
383,383,Debit Card,Pending,2606.33,TXN52245088,2025-07-25
384,384,Cash on Delivery,Pending,1086.9,TXN66450844,2025-02-27
385,385,Cash on Delivery,Pending,2166.19,TXN22455375,2025-05-10
386,386,Debit Card,Pending,1364.2,TXN70823872,2025-12-26
387,387,Credit Card,Refunded,4123.92,TXN78485386,2025-01-09
388,388,UPI,Failed,778.83,TXN78105101,2025-07-30
389,389,Cash on Delivery,Paid,4589.1,TXN61932283,2025-09-11
390,390,Debit Card,Failed,619.42,TXN72191568,2026-02-19
391,391,Net Banking,Failed,626.45,TXN13577852,2025-09-30
392,392,UPI,Refunded,4315.65,TXN44812209,2025-11-04
393,393,UPI,Pending,1694.01,TXN82995126,2025-09-17
394,394,UPI,Pending,369.2,TXN50514675,2025-06-11
395,395,Credit Card,Paid,3744.58,TXN80264821,2025-09-24
396,396,Cash on Delivery,Paid,2529.14,TXN67147847,2026-05-14
397,397,Credit Card,Failed,1891.13,TXN64523814,2025-11-18
398,398,Debit Card,Failed,3096.66,TXN84451433,2025-12-15
399,399,UPI,Paid,480.54,TXN37542867,2025-03-11
400,400,Debit Card,Failed,3083.27,TXN79175650,2026-03-17
401,401,Credit Card,Pending,826.96,TXN66993938,2026-03-15
402,402,Debit Card,Refunded,3822.74,TXN43712749,2025-02-08
403,403,Debit Card,Failed,3644.32,TXN63498887,2025-07-09
404,404,Debit Card,Failed,2431.92,TXN30335404,2025-07-08
405,405,Net Banking,Refunded,4015.52,TXN95496286,2025-12-25
406,406,Net Banking,Failed,4502.74,TXN91234397,2025-05-10
407,407,Net Banking,Refunded,337.84,TXN76448570,2025-09-29
408,408,Net Banking,Pending,743.84,TXN41231633,2025-03-16
409,409,Cash on Delivery,Refunded,1732.24,TXN32811766,2025-02-05
410,410,Net Banking,Refunded,3985.07,TXN46209755,2025-11-17
411,411,Net Banking,Refunded,1181.79,TXN20872072,2025-01-06
412,412,Net Banking,Failed,4172.85,TXN16124471,2025-09-06
413,413,Cash on Delivery,Pending,2193.24,TXN53219648,2025-09-07
414,414,Net Banking,Paid,826.7,TXN24879673,2026-01-12
415,415,Debit Card,Pending,3945.06,TXN72950511,2026-04-03
416,416,Net Banking,Pending,3178.52,TXN76301961,2026-02-14
417,417,UPI,Pending,4226.09,TXN63497358,2026-03-12
418,418,Debit Card,Failed,1738.68,TXN48833480,2026-01-15
419,419,Credit Card,Paid,281.03,TXN87244984,2025-02-11
420,420,Debit Card,Pending,1668.11,TXN50297392,2026-02-20
421,421,Net Banking,Refunded,4150.68,TXN47269091,2025-06-29
422,422,UPI,Refunded,690.03,TXN37279736,2025-07-10
423,423,UPI,Refunded,4964.0,TXN12275322,2025-10-28
424,424,Debit Card,Paid,1364.24,TXN63493831,2026-05-09
425,425,Cash on Delivery,Refunded,4508.87,TXN60028264,2025-05-31
426,426,UPI,Failed,807.72,TXN69648274,2025-01-30
427,427,UPI,Failed,4603.0,TXN94445426,2026-04-01
428,428,Credit Card,Pending,1252.44,TXN75123990,2025-06-10
429,429,Debit Card,Refunded,4342.87,TXN39427700,2026-04-09
430,430,Credit Card,Paid,3272.86,TXN91049101,2025-12-25
431,431,Net Banking,Failed,2326.96,TXN73045679,2025-05-22
432,432,UPI,Pending,1889.39,TXN56239513,2025-08-05
433,433,UPI,Failed,4709.61,TXN83166455,2025-06-16
434,434,Debit Card,Pending,3602.77,TXN37256373,2025-09-13
435,435,Net Banking,Failed,435.54,TXN72891913,2025-05-18
436,436,UPI,Failed,1661.18,TXN90120192,2025-10-06
437,437,UPI,Pending,1472.69,TXN65906139,2025-10-07
438,438,Net Banking,Paid,556.53,TXN66870761,2025-03-16
439,439,Credit Card,Pending,4604.13,TXN10513159,2025-10-13
440,440,UPI,Paid,2843.02,TXN20998295,2025-11-13
441,441,Cash on Delivery,Refunded,3262.46,TXN65936187,2025-03-05
442,442,Net Banking,Failed,3447.24,TXN50291831,2025-02-08
443,443,Net Banking,Failed,3746.25,TXN93558474,2025-08-12
444,444,Net Banking,Failed,2768.76,TXN61956240,2025-03-10
445,445,Debit Card,Pending,4322.56,TXN45533085,2025-06-20
446,446,UPI,Pending,4890.75,TXN98445837,2025-01-23
447,447,Debit Card,Refunded,274.61,TXN15529095,2026-03-28
448,448,Cash on Delivery,Paid,892.94,TXN67893095,2025-08-13
449,449,UPI,Failed,2792.36,TXN17632582,2025-07-25
450,450,Cash on Delivery,Failed,234.73,TXN97154407,2025-05-03
451,451,Credit Card,Refunded,2013.56,TXN92146227,2025-06-10
452,452,Credit Card,Pending,782.22,TXN29565464,2025-10-17
453,453,Credit Card,Paid,2983.4,TXN38529150,2026-01-07
454,454,Net Banking,Refunded,2499.44,TXN73040872,2026-05-12
455,455,UPI,Failed,3205.22,TXN42020841,2025-09-29
456,456,Debit Card,Paid,3582.09,TXN80572719,2026-03-01
457,457,Cash on Delivery,Pending,4280.66,TXN67507896,2025-02-25
458,458,Cash on Delivery,Failed,1359.09,TXN86195102,2026-03-29
459,459,Debit Card,Refunded,4345.04,TXN26256660,2025-10-08
460,460,UPI,Refunded,4395.89,TXN64353601,2026-01-19
461,461,Cash on Delivery,Failed,2265.31,TXN77068488,2025-08-04
462,462,UPI,Failed,1945.47,TXN53301662,2025-01-15
463,463,UPI,Refunded,3840.9,TXN20343772,2025-02-22
464,464,Net Banking,Paid,3605.06,TXN41018164,2025-12-21
465,465,UPI,Pending,809.11,TXN94335722,2026-04-02
466,466,Debit Card,Pending,1467.66,TXN41279071,2025-08-31
467,467,Net Banking,Failed,313.21,TXN89900252,2025-11-29
468,468,UPI,Refunded,1481.3,TXN73101213,2025-05-06
469,469,Credit Card,Refunded,829.06,TXN19673507,2025-04-11
470,470,Net Banking,Refunded,1357.93,TXN34278887,2025-03-28
471,471,Net Banking,Paid,2327.42,TXN57966089,2026-04-24
472,472,UPI,Pending,3057.72,TXN71017257,2025-04-29
473,473,Debit Card,Failed,3149.86,TXN29950227,2026-04-28
474,474,UPI,Pending,1750.86,TXN35254214,2025-05-09
475,475,UPI,Paid,1360.61,TXN96998703,2025-11-17
476,476,Debit Card,Pending,278.17,TXN80259827,2025-08-24
477,477,UPI,Paid,3790.96,TXN91013714,2025-11-25
478,478,Credit Card,Paid,833.2,TXN68487211,2025-04-14
479,479,Debit Card,Paid,868.62,TXN69949733,2025-08-14
480,480,Debit Card,Pending,3131.75,TXN82936619,2025-07-03
481,481,Cash on Delivery,Paid,4729.53,TXN42648310,2026-04-06
482,482,Net Banking,Pending,657.09,TXN78982921,2026-04-23
483,483,Debit Card,Pending,1651.28,TXN45759349,2025-02-27
484,484,UPI,Paid,3235.66,TXN10572597,2025-05-16
485,485,Credit Card,Paid,4581.82,TXN53923585,2025-09-14
486,486,UPI,Refunded,879.44,TXN43244593,2025-01-18
487,487,Net Banking,Failed,250.68,TXN55336355,2025-05-30
488,488,Credit Card,Refunded,2977.29,TXN21984539,2025-04-13
489,489,Debit Card,Pending,3951.49,TXN71967397,2025-03-15
490,490,Cash on Delivery,Paid,1955.67,TXN43120334,2025-06-27
491,491,UPI,Refunded,1243.62,TXN80148715,2025-05-01
492,492,Cash on Delivery,Refunded,1911.94,TXN43468982,2025-03-04
493,493,Debit Card,Paid,2825.91,TXN32467686,2026-02-01
494,494,Net Banking,Pending,3605.99,TXN36431963,2025-04-19
495,495,UPI,Failed,4193.58,TXN30661817,2025-08-11
496,496,Debit Card,Refunded,2894.76,TXN90769300,2026-04-19
497,497,Cash on Delivery,Failed,2606.64,TXN61853460,2026-01-07
498,498,Debit Card,Failed,674.93,TXN74696152,2026-04-01
499,499,Credit Card,Refunded,3329.96,TXN30172373,2025-07-22
500,500,Credit Card,Paid,3173.64,TXN98618240,2025-06-16
501,501,UPI,Pending,2071.92,TXN37389047,2025-06-14
502,502,Debit Card,Paid,4648.15,TXN17382577,2025-08-29
503,503,Net Banking,Failed,3575.97,TXN78367061,2025-03-10
504,504,Debit Card,Refunded,3797.29,TXN92586881,2026-02-15
505,505,Debit Card,Pending,864.64,TXN55855514,2025-03-02
506,506,UPI,Failed,1632.13,TXN38319023,2026-01-24
507,507,Cash on Delivery,Paid,2160.29,TXN62159321,2025-03-10
508,508,Net Banking,Refunded,243.21,TXN92999557,2025-03-13
509,509,Cash on Delivery,Pending,3828.58,TXN98154921,2025-07-23
510,510,Cash on Delivery,Pending,556.88,TXN36783281,2026-05-10
511,511,Debit Card,Refunded,2483.46,TXN84812472,2025-07-13
512,512,Cash on Delivery,Refunded,4851.27,TXN13247309,2025-01-05
513,513,Cash on Delivery,Failed,4874.36,TXN29416243,2026-01-15
514,514,UPI,Failed,935.46,TXN25316751,2025-05-13
515,515,UPI,Failed,3560.93,TXN20955415,2025-07-26
516,516,UPI,Pending,4967.86,TXN55257441,2025-10-16
517,517,Debit Card,Refunded,4577.85,TXN99275863,2025-11-09
518,518,Debit Card,Pending,3794.35,TXN65013081,2026-04-18
519,519,Net Banking,Paid,773.15,TXN43057485,2025-04-24
520,520,Cash on Delivery,Refunded,1021.0,TXN35149814,2025-03-17
521,521,Credit Card,Failed,4698.47,TXN17059453,2026-04-08
522,522,Cash on Delivery,Refunded,4653.5,TXN56876071,2025-06-20
523,523,Credit Card,Refunded,3334.02,TXN61102688,2025-08-12
524,524,Net Banking,Pending,449.43,TXN57897418,2026-04-10
525,525,UPI,Failed,3168.54,TXN79181690,2025-07-08
526,526,Net Banking,Refunded,4022.26,TXN19841477,2025-08-03
527,527,Credit Card,Refunded,2343.26,TXN11906164,2025-12-07
528,528,Debit Card,Failed,3943.28,TXN41731084,2025-09-28
529,529,Net Banking,Refunded,4301.48,TXN69148408,2025-12-27
530,530,Credit Card,Pending,2645.89,TXN23284856,2025-01-06
531,531,Credit Card,Pending,1204.0,TXN69701857,2025-07-06
532,532,UPI,Pending,1853.28,TXN62174099,2026-03-04
533,533,Cash on Delivery,Failed,2705.87,TXN50566541,2025-06-27
534,534,UPI,Paid,2594.6,TXN23897695,2025-08-23
535,535,Debit Card,Pending,2828.74,TXN67314433,2026-01-16
536,536,Credit Card,Pending,2830.33,TXN47437947,2026-02-12
537,537,Cash on Delivery,Refunded,550.02,TXN49240007,2025-07-20
538,538,UPI,Failed,4906.36,TXN40128107,2025-09-06
539,539,UPI,Refunded,3531.33,TXN86299295,2025-09-04
540,540,UPI,Paid,3776.18,TXN20968417,2025-10-06
541,541,Net Banking,Paid,1683.78,TXN35867904,2026-03-17
542,542,Credit Card,Paid,4433.68,TXN73208236,2025-08-14
543,543,UPI,Pending,416.02,TXN76328465,2026-03-29
544,544,Net Banking,Failed,714.72,TXN49515283,2025-09-11
545,545,Cash on Delivery,Paid,155.56,TXN90141827,2025-05-09
546,546,Cash on Delivery,Refunded,4473.69,TXN14495201,2026-03-14
547,547,Cash on Delivery,Pending,1243.0,TXN12928094,2025-10-04
548,548,Net Banking,Paid,4919.71,TXN27783463,2026-04-20
549,549,Cash on Delivery,Paid,1734.06,TXN90823576,2025-07-16
550,550,Debit Card,Pending,3915.2,TXN67305211,2025-06-07
551,551,Net Banking,Refunded,4762.2,TXN10608736,2025-02-02
552,552,UPI,Refunded,3283.6,TXN39532626,2025-11-18
553,553,UPI,Failed,2878.06,TXN20153270,2025-07-13
554,554,Credit Card,Paid,3314.1,TXN66260512,2025-02-16
555,555,Net Banking,Refunded,4312.86,TXN77708567,2025-09-27
556,556,Net Banking,Failed,3862.26,TXN93577310,2025-03-15
557,557,UPI,Pending,1901.31,TXN45946389,2025-10-08
558,558,Net Banking,Failed,2755.83,TXN29329784,2025-01-08
559,559,Net Banking,Refunded,823.02,TXN91296166,2025-07-24
560,560,Debit Card,Failed,4958.98,TXN92931187,2025-10-31
561,561,Credit Card,Pending,2919.58,TXN43089585,2025-01-12
562,562,Net Banking,Paid,3087.12,TXN21131802,2025-06-27
563,563,Debit Card,Pending,243.33,TXN36938196,2025-04-30
564,564,UPI,Pending,2692.05,TXN18257351,2025-10-09
565,565,Cash on Delivery,Refunded,1571.63,TXN56717642,2025-05-09
566,566,Credit Card,Paid,2176.29,TXN92267954,2026-01-29
567,567,Credit Card,Pending,2947.97,TXN61152000,2026-04-22
568,568,Debit Card,Refunded,109.74,TXN39306699,2025-01-09
569,569,Credit Card,Failed,2093.87,TXN98790228,2025-04-07
570,570,Cash on Delivery,Failed,2974.76,TXN15788800,2025-08-01
571,571,UPI,Pending,938.29,TXN23467354,2026-03-04
572,572,Cash on Delivery,Failed,381.25,TXN91919052,2025-03-17
573,573,Cash on Delivery,Pending,1865.63,TXN31931220,2026-04-25
574,574,Credit Card,Failed,4474.12,TXN96585309,2026-05-07
575,575,Credit Card,Refunded,533.55,TXN45848344,2025-08-18
576,576,Cash on Delivery,Paid,1813.79,TXN40707046,2025-05-05
577,577,Debit Card,Pending,3290.49,TXN67746968,2026-03-14
578,578,Debit Card,Pending,4158.67,TXN58282468,2026-03-25
579,579,Net Banking,Failed,4230.02,TXN37101257,2026-03-31
580,580,Cash on Delivery,Refunded,2346.76,TXN16248446,2025-12-13
581,581,Credit Card,Failed,1239.45,TXN26542905,2025-10-04
582,582,Net Banking,Failed,2765.56,TXN78798181,2026-01-25
583,583,UPI,Pending,1966.51,TXN17905831,2025-08-23
584,584,Credit Card,Failed,2014.5,TXN80537248,2025-10-07
585,585,Cash on Delivery,Failed,4211.75,TXN60231224,2025-09-19
586,586,Net Banking,Refunded,3236.44,TXN78194366,2025-02-23
587,587,Debit Card,Pending,3998.44,TXN66598575,2025-07-08
588,588,Credit Card,Pending,3353.46,TXN20080441,2025-10-05
589,589,Debit Card,Failed,4289.67,TXN39949387,2025-02-13
590,590,UPI,Failed,2512.68,TXN56267976,2025-05-12
591,591,Net Banking,Pending,2067.49,TXN17323395,2025-08-26
592,592,Credit Card,Pending,1498.52,TXN55199232,2025-04-29
593,593,Cash on Delivery,Refunded,3328.74,TXN91969366,2025-12-04
594,594,Net Banking,Failed,4849.94,TXN50451930,2026-04-11
595,595,Debit Card,Pending,1933.02,TXN70873554,2025-06-10
596,596,Debit Card,Paid,2032.3,TXN87621136,2026-01-17
597,597,UPI,Pending,3912.42,TXN43167800,2026-02-14
598,598,Cash on Delivery,Failed,1822.79,TXN63566061,2025-03-15
599,599,Net Banking,Refunded,1328.45,TXN29202224,2025-01-07
600,600,Net Banking,Pending,1660.58,TXN63677825,2025-04-16
601,601,UPI,Failed,3113.39,TXN38368501,2025-10-10
602,602,Net Banking,Paid,651.64,TXN61836456,2026-02-20
603,603,Cash on Delivery,Pending,3879.25,TXN72652964,2026-05-11
604,604,UPI,Pending,3882.35,TXN10780726,2025-10-06
605,605,UPI,Failed,4540.78,TXN28323887,2026-05-04
606,606,Credit Card,Pending,3800.75,TXN90939403,2025-07-16
607,607,Net Banking,Refunded,400.52,TXN33978503,2025-04-11
608,608,Cash on Delivery,Failed,2785.78,TXN16455013,2025-09-16
609,609,Debit Card,Failed,860.69,TXN19592209,2025-01-06
610,610,Net Banking,Refunded,1003.89,TXN78504984,2025-01-13
611,611,Credit Card,Pending,4496.34,TXN50045125,2025-05-27
612,612,Debit Card,Failed,4669.19,TXN93576263,2025-04-30
613,613,UPI,Pending,1136.13,TXN91319371,2025-04-10
614,614,Debit Card,Failed,1943.54,TXN15923819,2026-05-12
615,615,Credit Card,Failed,3396.75,TXN30672863,2025-02-15
616,616,Credit Card,Paid,1827.35,TXN74697651,2025-06-08
617,617,Debit Card,Pending,2359.07,TXN82975501,2025-06-26
618,618,UPI,Pending,755.41,TXN44512892,2025-08-01
619,619,Net Banking,Refunded,4736.78,TXN94469991,2025-10-01
620,620,UPI,Failed,4886.69,TXN75485423,2026-05-14
621,621,Net Banking,Failed,4749.52,TXN35108275,2025-01-14
622,622,Net Banking,Pending,1500.34,TXN89389699,2025-12-19
623,623,UPI,Pending,3394.79,TXN96267555,2026-02-16
624,624,Debit Card,Failed,2472.3,TXN51536536,2025-06-24
625,625,UPI,Refunded,485.83,TXN31105174,2026-03-17
626,626,Net Banking,Pending,766.53,TXN91834212,2025-07-05
627,627,UPI,Paid,4607.27,TXN11940957,2025-12-30
628,628,Net Banking,Failed,4681.22,TXN67622199,2025-09-02
629,629,UPI,Pending,1290.11,TXN48237604,2025-04-01
630,630,UPI,Pending,1591.62,TXN67647094,2025-01-13
631,631,Net Banking,Refunded,4615.69,TXN51150962,2025-05-27
632,632,Credit Card,Refunded,637.49,TXN52003161,2025-08-27
633,633,Cash on Delivery,Refunded,3957.82,TXN14779813,2026-03-02
634,634,Net Banking,Pending,1555.38,TXN10452408,2025-05-11
635,635,UPI,Paid,1634.72,TXN67241385,2025-08-22
636,636,Credit Card,Refunded,1830.93,TXN60286923,2025-01-22
637,637,Credit Card,Paid,3928.34,TXN72825574,2025-07-24
638,638,Cash on Delivery,Pending,4217.91,TXN74450910,2025-03-25
639,639,Cash on Delivery,Failed,898.47,TXN24693925,2025-08-07
640,640,UPI,Failed,1630.43,TXN31820492,2026-04-07
641,641,Net Banking,Pending,2987.01,TXN18471561,2025-08-11
642,642,Cash on Delivery,Failed,252.05,TXN86643155,2025-12-25
643,643,Credit Card,Paid,3038.59,TXN82212882,2025-03-09
644,644,Cash on Delivery,Failed,3994.52,TXN44514593,2025-07-31
645,645,Debit Card,Refunded,2891.55,TXN86079575,2025-10-10
646,646,Credit Card,Failed,266.17,TXN94795659,2025-08-07
647,647,Credit Card,Paid,1919.8,TXN92806026,2025-05-10
648,648,Cash on Delivery,Paid,1372.1,TXN49403708,2025-05-30
649,649,Credit Card,Paid,2442.98,TXN88791895,2025-09-04
650,650,Cash on Delivery,Pending,2699.05,TXN16725080,2026-04-11
651,651,Debit Card,Refunded,2901.39,TXN18866688,2025-09-25
652,652,Cash on Delivery,Pending,2820.92,TXN29504084,2025-04-26
653,653,Cash on Delivery,Refunded,3436.13,TXN94991439,2025-08-10
654,654,Cash on Delivery,Failed,4713.64,TXN99516330,2025-04-13
655,655,UPI,Pending,4612.12,TXN16799942,2025-04-05
656,656,Debit Card,Failed,185.92,TXN35190484,2025-07-18
657,657,UPI,Failed,4586.62,TXN14246488,2025-03-24
658,658,Net Banking,Paid,1304.88,TXN59607122,2026-04-09
659,659,Cash on Delivery,Pending,1934.05,TXN61110058,2026-03-08
660,660,Debit Card,Failed,2664.45,TXN94838267,2025-02-18
661,661,Net Banking,Paid,118.83,TXN68118717,2025-05-01
662,662,Net Banking,Paid,4256.52,TXN56199280,2025-10-29
663,663,Net Banking,Failed,2621.8,TXN64252051,2025-04-29
664,664,UPI,Failed,1909.18,TXN91343903,2026-03-08
665,665,Credit Card,Pending,2198.88,TXN54373058,2026-04-18
666,666,Net Banking,Refunded,1034.18,TXN10799490,2025-09-09
667,667,Debit Card,Paid,4436.82,TXN61511037,2025-07-10
668,668,UPI,Pending,745.7,TXN16630899,2025-11-27
669,669,Debit Card,Paid,3691.13,TXN20626600,2025-05-16
670,670,Debit Card,Pending,725.46,TXN31132541,2025-05-03
671,671,Debit Card,Pending,2275.2,TXN51763985,2025-07-29
672,672,Net Banking,Paid,3943.17,TXN87056202,2025-04-04
673,673,UPI,Paid,973.32,TXN28909130,2026-04-30
674,674,Cash on Delivery,Pending,2129.8,TXN17642469,2025-05-30
675,675,Cash on Delivery,Failed,4501.81,TXN46040217,2025-11-05
676,676,Net Banking,Failed,3492.82,TXN96803120,2025-10-14
677,677,UPI,Refunded,2940.02,TXN24270589,2026-04-09
678,678,UPI,Pending,4372.74,TXN25565491,2025-04-28
679,679,Net Banking,Failed,1107.36,TXN94961454,2025-04-02
680,680,Credit Card,Pending,731.1,TXN75475672,2025-10-17
681,681,Credit Card,Paid,4387.04,TXN61426459,2025-10-28
682,682,UPI,Failed,2280.16,TXN95561698,2025-12-10
683,683,Credit Card,Refunded,2490.98,TXN33277208,2025-01-31
684,684,UPI,Refunded,2581.93,TXN21611307,2025-08-29
685,685,Cash on Delivery,Refunded,4805.25,TXN27403356,2025-05-14
686,686,UPI,Refunded,2768.68,TXN20629816,2025-11-23
687,687,Credit Card,Pending,821.93,TXN99261964,2025-09-14
688,688,Cash on Delivery,Paid,3898.27,TXN18227965,2025-11-12
689,689,Debit Card,Failed,438.7,TXN16445482,2025-10-04
690,690,Cash on Delivery,Paid,3461.92,TXN71686812,2025-09-26
691,691,UPI,Refunded,2326.76,TXN57767499,2026-04-15
692,692,UPI,Pending,2298.28,TXN33771044,2025-06-27
693,693,Cash on Delivery,Failed,3809.21,TXN35990857,2025-01-03
694,694,Credit Card,Failed,2889.24,TXN26472949,2025-04-25
695,695,Net Banking,Paid,1804.68,TXN93588153,2026-03-16
696,696,Cash on Delivery,Refunded,2747.52,TXN23060485,2025-04-01
697,697,Cash on Delivery,Paid,4847.75,TXN86698282,2025-02-15
698,698,Cash on Delivery,Refunded,1679.07,TXN69023088,2025-08-14
699,699,Net Banking,Failed,1514.05,TXN89111285,2025-09-17
700,700,Debit Card,Paid,832.41,TXN99552034,2025-10-26
701,701,Cash on Delivery,Failed,4941.65,TXN27452202,2025-01-18
702,702,Debit Card,Refunded,2499.15,TXN26311186,2026-04-29
703,703,Credit Card,Pending,2931.47,TXN62419749,2025-08-12
704,704,Net Banking,Pending,2748.57,TXN44063417,2025-02-07
705,705,Credit Card,Refunded,306.58,TXN20817018,2025-05-10
706,706,UPI,Pending,4594.2,TXN42445057,2025-07-15
707,707,Net Banking,Failed,4860.15,TXN20905397,2025-06-15
708,708,UPI,Failed,2598.37,TXN36671158,2025-08-28
709,709,Debit Card,Pending,2030.89,TXN27888905,2025-10-20
710,710,UPI,Paid,4302.24,TXN96286829,2025-07-13
711,711,UPI,Refunded,4205.87,TXN79121543,2025-08-14
712,712,Credit Card,Pending,4112.42,TXN69155522,2025-06-17
713,713,Credit Card,Failed,3150.53,TXN54556821,2025-04-20
714,714,Net Banking,Refunded,3891.1,TXN46823726,2025-12-29
715,715,UPI,Paid,891.65,TXN81016085,2025-12-10
716,716,Cash on Delivery,Pending,3129.74,TXN22831947,2025-10-20
717,717,Cash on Delivery,Pending,2548.29,TXN25141314,2025-08-19
718,718,Debit Card,Failed,3516.54,TXN88087376,2025-11-27
719,719,Net Banking,Pending,1198.61,TXN25025072,2025-02-19
720,720,Net Banking,Refunded,4230.41,TXN87336439,2025-02-14
721,721,UPI,Refunded,2619.77,TXN91129405,2025-06-04
722,722,Net Banking,Pending,4044.13,TXN67883029,2026-02-12
723,723,Net Banking,Paid,848.34,TXN73858147,2025-10-17
724,724,Cash on Delivery,Paid,4433.15,TXN26409291,2025-07-29
725,725,UPI,Refunded,4547.54,TXN60763750,2026-04-24
726,726,Cash on Delivery,Refunded,4275.77,TXN20026774,2025-02-17
727,727,Net Banking,Failed,2020.96,TXN99982432,2025-12-12
728,728,Credit Card,Failed,3258.23,TXN15695350,2025-11-25
729,729,Net Banking,Failed,1381.0,TXN70736698,2025-12-12
730,730,Credit Card,Pending,176.28,TXN19832780,2025-12-13
731,731,UPI,Failed,2544.59,TXN36361047,2025-04-18
732,732,Net Banking,Paid,2080.81,TXN47679655,2025-07-27
733,733,Net Banking,Failed,207.3,TXN27552759,2025-01-23
734,734,Credit Card,Failed,3906.78,TXN48099927,2025-04-01
735,735,UPI,Paid,4419.89,TXN65460318,2026-05-09
736,736,Credit Card,Refunded,3582.58,TXN15330231,2025-08-28
737,737,Debit Card,Paid,3285.4,TXN92482946,2025-10-27
738,738,UPI,Failed,2664.92,TXN21649885,2025-05-31
739,739,Cash on Delivery,Failed,4692.16,TXN94584114,2026-01-15
740,740,Net Banking,Paid,2515.96,TXN66366945,2026-02-22
741,741,UPI,Refunded,271.3,TXN36772707,2026-01-31
742,742,Credit Card,Paid,1777.21,TXN15460691,2025-05-06
743,743,Debit Card,Refunded,562.09,TXN76167050,2025-03-21
744,744,Net Banking,Paid,3002.93,TXN61675873,2025-11-03
745,745,Credit Card,Pending,2930.5,TXN83830384,2025-07-14
746,746,Net Banking,Failed,3869.72,TXN40030970,2025-02-23
747,747,Cash on Delivery,Refunded,4801.26,TXN65039817,2025-01-05
748,748,Cash on Delivery,Pending,3989.56,TXN27809011,2026-03-29
749,749,UPI,Paid,2241.92,TXN49978865,2025-04-01
750,750,Net Banking,Failed,960.34,TXN80716757,2025-06-30
751,751,Debit Card,Pending,886.42,TXN45436111,2025-10-29
752,752,Cash on Delivery,Refunded,445.51,TXN42856424,2026-03-15
753,753,Cash on Delivery,Pending,3311.25,TXN45264970,2025-11-09
754,754,Credit Card,Paid,3892.37,TXN72116508,2025-03-24
755,755,Cash on Delivery,Pending,1847.4,TXN50866757,2026-03-20
756,756,Net Banking,Failed,3707.15,TXN17122705,2025-08-06
757,757,Net Banking,Failed,950.5,TXN97768892,2025-10-14
758,758,Debit Card,Pending,3643.46,TXN58009803,2025-06-07
759,759,Debit Card,Paid,3371.81,TXN67614149,2025-09-29
760,760,Debit Card,Paid,4085.27,TXN57295540,2026-05-03
761,761,Debit Card,Refunded,1290.06,TXN15768839,2025-02-03
762,762,Cash on Delivery,Paid,4508.49,TXN61683909,2025-07-01
763,763,UPI,Paid,3331.41,TXN87016378,2026-05-02
764,764,Credit Card,Refunded,977.34,TXN18913292,2025-02-25
765,765,Credit Card,Failed,2608.93,TXN91433920,2025-07-25
766,766,Debit Card,Failed,564.25,TXN34450464,2026-04-14
767,767,UPI,Pending,1935.06,TXN20428334,2025-03-19
768,768,Credit Card,Pending,3234.1,TXN40121298,2025-07-22
769,769,UPI,Paid,4009.53,TXN90865548,2026-02-22
770,770,Credit Card,Paid,1166.68,TXN95358838,2025-11-01
771,771,Cash on Delivery,Failed,2266.88,TXN49867501,2025-04-09
772,772,Debit Card,Failed,831.5,TXN24521074,2025-06-23
773,773,Cash on Delivery,Pending,4433.21,TXN55537318,2025-11-09
774,774,Credit Card,Pending,139.98,TXN12972132,2025-08-17
775,775,Credit Card,Paid,2554.82,TXN18748666,2025-08-28
776,776,Credit Card,Pending,1153.63,TXN42148268,2025-11-04
777,777,Debit Card,Paid,3605.85,TXN86749010,2025-10-07
778,778,UPI,Paid,2615.27,TXN33391751,2025-08-19
779,779,Net Banking,Pending,2114.23,TXN42182208,2026-03-17
780,780,Cash on Delivery,Pending,375.63,TXN67904370,2025-03-28
781,781,Debit Card,Refunded,4105.79,TXN95223524,2025-05-06
782,782,Credit Card,Refunded,3958.78,TXN89591807,2025-10-03
783,783,UPI,Refunded,1260.24,TXN51052155,2025-10-07
784,784,Credit Card,Failed,2825.69,TXN52646129,2026-01-14
785,785,UPI,Pending,2770.16,TXN13846395,2025-11-03
786,786,Credit Card,Failed,1658.19,TXN23273293,2025-01-26
787,787,Net Banking,Failed,4124.79,TXN82315247,2025-12-30
788,788,Net Banking,Paid,2802.9,TXN95685317,2026-01-23
789,789,Credit Card,Refunded,1043.4,TXN91169537,2026-01-22
790,790,UPI,Paid,3566.75,TXN99620237,2025-05-15
791,791,Credit Card,Refunded,3362.1,TXN46768092,2025-01-10
792,792,Net Banking,Pending,3220.8,TXN70697822,2025-04-16
793,793,Net Banking,Failed,303.34,TXN17406594,2025-09-19
794,794,Debit Card,Pending,3238.97,TXN36356565,2025-05-29
795,795,Net Banking,Paid,2352.43,TXN83515450,2025-08-29
796,796,Debit Card,Failed,1036.46,TXN43394100,2025-06-14
797,797,Credit Card,Refunded,4222.42,TXN88991281,2026-01-15
798,798,Cash on Delivery,Refunded,1405.45,TXN24374423,2025-10-09
799,799,Net Banking,Failed,3322.73,TXN70557785,2025-07-04
800,800,UPI,Pending,4100.86,TXN79394254,2025-04-25
801,801,Net Banking,Paid,3018.09,TXN23759668,2025-11-14
802,802,Net Banking,Refunded,513.73,TXN35689799,2026-03-20
803,803,Cash on Delivery,Refunded,3308.76,TXN89880966,2025-09-09
804,804,UPI,Paid,1941.1,TXN41858867,2025-09-17
805,805,Cash on Delivery,Refunded,2494.27,TXN21442950,2025-05-15
806,806,UPI,Paid,894.38,TXN38457335,2026-05-07
807,807,Credit Card,Pending,4264.29,TXN49025487,2026-03-13
808,808,UPI,Failed,2864.82,TXN48669077,2025-04-30
809,809,Cash on Delivery,Pending,868.84,TXN91604380,2026-03-07
810,810,UPI,Refunded,1705.81,TXN98148494,2025-04-08
811,811,Cash on Delivery,Paid,2518.34,TXN91109032,2025-06-09
812,812,Cash on Delivery,Pending,1034.94,TXN35798902,2025-06-19
813,813,Net Banking,Paid,4782.35,TXN53789171,2026-04-02
814,814,Debit Card,Pending,2953.49,TXN10351489,2026-04-13
815,815,Cash on Delivery,Refunded,3791.74,TXN61373875,2025-12-19
816,816,UPI,Refunded,2742.13,TXN55090728,2025-07-26
817,817,Debit Card,Failed,760.58,TXN31431514,2026-03-28
818,818,Net Banking,Failed,4693.37,TXN22545137,2025-04-09
819,819,UPI,Pending,3861.58,TXN44503688,2025-12-30
820,820,Net Banking,Refunded,4719.29,TXN50075364,2026-03-17
821,821,Credit Card,Pending,1076.96,TXN82399757,2025-11-29
822,822,Net Banking,Pending,4382.66,TXN45164725,2025-02-23
823,823,Credit Card,Pending,3804.2,TXN99216230,2025-10-01
824,824,UPI,Refunded,4456.64,TXN16994377,2025-10-16
825,825,Debit Card,Paid,3724.56,TXN99095916,2025-08-17
826,826,Credit Card,Paid,4419.99,TXN57540738,2025-11-06
827,827,Credit Card,Pending,4307.4,TXN35712284,2025-02-17
828,828,Cash on Delivery,Paid,1018.86,TXN77812317,2026-02-20
829,829,Cash on Delivery,Paid,3099.97,TXN64833655,2025-11-10
830,830,UPI,Pending,2521.17,TXN80066063,2025-11-18
831,831,UPI,Refunded,4861.44,TXN67219044,2025-05-04
832,832,Cash on Delivery,Failed,965.43,TXN50911382,2026-04-09
833,833,Net Banking,Refunded,1834.2,TXN61834827,2026-04-15
834,834,Debit Card,Pending,2245.21,TXN68683143,2025-08-31
835,835,Cash on Delivery,Refunded,398.89,TXN44792465,2025-12-26
836,836,Net Banking,Pending,2886.73,TXN73766130,2025-01-16
837,837,Cash on Delivery,Failed,1062.97,TXN33954041,2026-02-28
838,838,Cash on Delivery,Pending,1209.09,TXN65186306,2025-01-31
839,839,UPI,Pending,2321.06,TXN16230036,2025-10-26
840,840,UPI,Failed,2875.65,TXN10782180,2025-07-23
841,841,Credit Card,Failed,4468.04,TXN55518597,2026-02-10
842,842,Net Banking,Refunded,1120.02,TXN14407037,2025-12-02
843,843,Debit Card,Refunded,3032.91,TXN15732592,2025-04-14
844,844,Debit Card,Failed,3264.76,TXN49358731,2025-10-31
845,845,Credit Card,Pending,3289.17,TXN98280801,2025-03-24
846,846,Cash on Delivery,Paid,4127.86,TXN68487542,2025-01-07
847,847,Net Banking,Paid,1154.03,TXN11012158,2025-04-24
848,848,Debit Card,Failed,2237.79,TXN99423328,2025-10-09
849,849,Cash on Delivery,Failed,1010.89,TXN35781949,2025-11-14
850,850,Debit Card,Refunded,4035.02,TXN25421641,2026-02-15
851,851,Cash on Delivery,Paid,4744.63,TXN74942794,2025-03-02
852,852,Net Banking,Refunded,351.65,TXN85110826,2025-10-12
853,853,Net Banking,Refunded,4486.86,TXN17809054,2025-02-24
854,854,Net Banking,Pending,2934.48,TXN51685787,2026-01-06
855,855,Debit Card,Paid,2345.21,TXN89656127,2025-03-06
856,856,UPI,Failed,699.32,TXN67779675,2025-11-28
857,857,Net Banking,Refunded,2590.45,TXN85107196,2025-02-13
858,858,Cash on Delivery,Failed,4737.67,TXN77012358,2025-03-28
859,859,Cash on Delivery,Failed,3615.87,TXN49412637,2025-12-27
860,860,Credit Card,Pending,3782.39,TXN89089590,2025-08-28
861,861,Credit Card,Paid,3940.54,TXN47184211,2025-04-09
862,862,Net Banking,Failed,3699.87,TXN99532816,2026-01-27
863,863,Cash on Delivery,Refunded,959.75,TXN29508549,2025-05-29
864,864,Credit Card,Paid,516.34,TXN98500745,2026-02-25
865,865,Credit Card,Pending,916.53,TXN66605057,2025-07-28
866,866,Credit Card,Pending,4063.39,TXN65643012,2025-06-23
867,867,UPI,Pending,1708.63,TXN32905198,2026-01-26
868,868,UPI,Pending,3197.34,TXN93881499,2025-01-30
869,869,Cash on Delivery,Paid,3417.51,TXN79502915,2025-08-07
870,870,Cash on Delivery,Paid,265.41,TXN82120454,2025-12-18
871,871,Net Banking,Pending,2253.8,TXN58882296,2026-01-12
872,872,Cash on Delivery,Failed,2064.5,TXN84948647,2025-04-26
873,873,Cash on Delivery,Refunded,3210.7,TXN13165823,2025-03-04
874,874,UPI,Refunded,1537.6,TXN17373677,2025-09-27
875,875,UPI,Failed,552.13,TXN46861229,2025-07-02
876,876,UPI,Refunded,4785.33,TXN55454992,2025-01-18
877,877,Debit Card,Failed,4777.43,TXN45478443,2025-05-06
878,878,Credit Card,Failed,3826.57,TXN61088868,2025-02-04
879,879,Cash on Delivery,Failed,2402.6,TXN71505597,2026-02-28
880,880,Cash on Delivery,Paid,2228.85,TXN78141810,2025-08-22
881,881,Credit Card,Pending,2033.22,TXN15038831,2025-04-07
882,882,Debit Card,Refunded,3169.38,TXN22590412,2025-08-22
883,883,Credit Card,Refunded,1341.97,TXN51576972,2026-05-10
884,884,Debit Card,Failed,186.86,TXN71076941,2025-12-11
885,885,UPI,Paid,1400.72,TXN46064765,2025-06-24
886,886,Credit Card,Pending,4673.24,TXN90180862,2025-12-24
887,887,Cash on Delivery,Failed,4180.18,TXN10656443,2025-07-10
888,888,Credit Card,Pending,1257.8,TXN99699389,2025-12-30
889,889,Credit Card,Paid,687.31,TXN35915853,2026-05-09
890,890,Credit Card,Paid,3677.74,TXN65566727,2026-05-06
891,891,Credit Card,Paid,4418.26,TXN72579420,2025-06-25
892,892,Credit Card,Paid,3204.49,TXN93208977,2025-11-02
893,893,UPI,Paid,4025.82,TXN35185070,2025-12-31
894,894,Cash on Delivery,Pending,1832.13,TXN52735806,2025-07-12
895,895,Credit Card,Refunded,4874.73,TXN51422993,2025-05-30
896,896,Debit Card,Pending,1468.3,TXN39555615,2026-03-28
897,897,Net Banking,Pending,685.01,TXN58321259,2026-05-01
898,898,Cash on Delivery,Refunded,4656.21,TXN17074464,2025-06-30
899,899,Net Banking,Refunded,2667.3,TXN80541181,2025-02-16
900,900,Debit Card,Refunded,1847.66,TXN61843029,2025-05-04
901,901,Credit Card,Pending,2631.69,TXN82038142,2025-06-15
902,902,Cash on Delivery,Pending,591.03,TXN98333647,2025-12-05
903,903,Net Banking,Failed,1190.22,TXN45373411,2025-06-04
904,904,Cash on Delivery,Refunded,2568.62,TXN51473182,2026-03-22
905,905,Net Banking,Failed,2268.69,TXN10034069,2025-01-29
906,906,Debit Card,Pending,2928.16,TXN96316102,2025-03-05
907,907,Debit Card,Failed,457.03,TXN59186735,2025-05-03
908,908,Credit Card,Refunded,3346.98,TXN99962056,2025-05-29
909,909,Net Banking,Refunded,601.63,TXN83495292,2025-03-08
910,910,UPI,Paid,1237.52,TXN34673160,2025-01-20
911,911,Cash on Delivery,Paid,2535.09,TXN64515806,2025-12-18
912,912,Credit Card,Paid,399.54,TXN50789204,2026-01-10
913,913,Net Banking,Pending,154.82,TXN92411305,2025-11-01
914,914,Credit Card,Pending,3943.23,TXN27514758,2026-01-13
915,915,Credit Card,Pending,2815.79,TXN31005479,2025-07-27
916,916,UPI,Refunded,1833.44,TXN13934375,2026-03-11
917,917,Net Banking,Failed,3713.16,TXN22355366,2025-12-16
918,918,Net Banking,Pending,271.43,TXN61335425,2025-12-27
919,919,UPI,Paid,4728.85,TXN80425295,2025-05-17
920,920,Cash on Delivery,Refunded,286.17,TXN80708282,2025-04-24
921,921,Debit Card,Pending,681.81,TXN14793166,2025-10-22
922,922,Credit Card,Refunded,3006.4,TXN25472073,2025-09-02
923,923,UPI,Refunded,2819.75,TXN27803513,2026-02-21
924,924,Debit Card,Failed,4046.57,TXN56765881,2025-04-27
925,925,UPI,Paid,2875.13,TXN46650953,2026-05-07
926,926,Credit Card,Paid,2897.83,TXN83365330,2026-03-07
927,927,Cash on Delivery,Refunded,3312.91,TXN84999614,2025-07-09
928,928,UPI,Failed,4759.89,TXN83990237,2025-11-17
929,929,Cash on Delivery,Refunded,921.11,TXN84151360,2025-07-05
930,930,Net Banking,Refunded,2203.54,TXN64799155,2026-04-09
931,931,UPI,Pending,579.26,TXN53601640,2025-02-08
932,932,Cash on Delivery,Paid,1111.08,TXN89599496,2025-12-26
933,933,Cash on Delivery,Failed,4969.4,TXN60574440,2025-04-24
934,934,UPI,Failed,4516.39,TXN89121864,2025-12-10
935,935,Cash on Delivery,Refunded,3777.26,TXN19823314,2025-05-23
936,936,Credit Card,Refunded,606.72,TXN62130888,2026-03-12
937,937,Credit Card,Failed,2387.4,TXN73343484,2026-01-09
938,938,Credit Card,Paid,4487.99,TXN77145133,2026-04-25
939,939,Credit Card,Pending,3771.09,TXN99533633,2025-03-23
940,940,Cash on Delivery,Paid,496.48,TXN22001967,2025-11-02
941,941,Debit Card,Paid,1034.69,TXN63485865,2026-03-14
942,942,Net Banking,Pending,4675.55,TXN70656416,2026-02-26
943,943,Credit Card,Pending,708.22,TXN14122271,2025-04-19
944,944,Net Banking,Failed,958.29,TXN54451859,2025-11-19
945,945,Net Banking,Paid,971.82,TXN61160965,2025-04-09
946,946,UPI,Failed,3504.38,TXN81085007,2025-07-05
947,947,UPI,Pending,3421.84,TXN47453267,2025-12-20
948,948,Credit Card,Pending,1848.28,TXN67080216,2025-01-15
949,949,Cash on Delivery,Failed,1690.58,TXN72118188,2026-04-30
950,950,UPI,Paid,4514.67,TXN95633860,2026-04-28
951,951,UPI,Failed,1126.14,TXN43911938,2025-06-25
952,952,Credit Card,Paid,3551.73,TXN51752771,2026-02-02
953,953,Cash on Delivery,Pending,560.99,TXN67748000,2025-06-09
954,954,Debit Card,Paid,1870.32,TXN69383203,2025-02-12
955,955,Cash on Delivery,Paid,2442.49,TXN81579275,2025-05-03
956,956,Credit Card,Refunded,245.91,TXN90174652,2026-02-17
957,957,Net Banking,Failed,549.33,TXN99524578,2025-07-19
958,958,Net Banking,Refunded,2891.86,TXN79064174,2025-07-13
959,959,Credit Card,Pending,1846.93,TXN82277575,2026-03-04
960,960,UPI,Failed,3184.86,TXN57006137,2025-10-05
961,961,Credit Card,Paid,4926.18,TXN21398065,2026-01-03
962,962,UPI,Failed,2512.6,TXN30768436,2026-04-19
963,963,Credit Card,Pending,4863.91,TXN78899652,2026-01-13
964,964,Cash on Delivery,Pending,437.64,TXN79906890,2025-07-21
965,965,Cash on Delivery,Failed,2021.79,TXN33363813,2025-07-01
966,966,Debit Card,Pending,4627.47,TXN89302894,2025-10-31
967,967,Cash on Delivery,Paid,1936.93,TXN49292574,2025-11-10
968,968,Debit Card,Pending,1509.54,TXN37625578,2026-01-27
969,969,UPI,Refunded,4395.1,TXN25414861,2025-08-27
970,970,UPI,Paid,3639.89,TXN76814791,2025-02-14
971,971,Cash on Delivery,Failed,762.77,TXN40341052,2025-08-25
972,972,Net Banking,Pending,4645.74,TXN17074002,2025-01-28
973,973,Net Banking,Paid,4584.59,TXN30850202,2025-05-29
974,974,Credit Card,Pending,2565.65,TXN94238066,2025-12-01
975,975,Credit Card,Pending,3530.58,TXN12536906,2026-05-07
976,976,Net Banking,Refunded,1941.75,TXN58428538,2025-01-09
977,977,Debit Card,Refunded,1734.35,TXN81372519,2025-03-19
978,978,UPI,Refunded,3475.35,TXN70836155,2025-11-20
979,979,Credit Card,Paid,3851.76,TXN12001310,2026-01-27
980,980,UPI,Pending,3651.57,TXN62328775,2025-09-07
981,981,Cash on Delivery,Paid,3147.93,TXN45211348,2025-07-30
982,982,Net Banking,Pending,2631.16,TXN15865251,2025-01-23
983,983,Debit Card,Failed,2806.1,TXN18524448,2025-12-25
984,984,Cash on Delivery,Failed,1740.77,TXN18273549,2026-04-11
985,985,Debit Card,Pending,4475.58,TXN37485810,2026-04-13
986,986,UPI,Failed,164.11,TXN24651216,2025-08-17
987,987,Cash on Delivery,Pending,2801.44,TXN97445455,2025-01-17
988,988,UPI,Paid,3340.78,TXN83638269,2025-08-24
989,989,Credit Card,Paid,142.14,TXN81373832,2025-03-14
990,990,Cash on Delivery,Pending,253.7,TXN90164625,2025-11-26
991,991,UPI,Failed,3548.11,TXN60049191,2025-12-31
992,992,Credit Card,Pending,1735.8,TXN21267446,2026-01-05
993,993,Credit Card,Pending,3311.12,TXN50412826,2026-04-03
994,994,Credit Card,Pending,553.6,TXN20108870,2025-12-22
995,995,Debit Card,Refunded,2304.11,TXN43171196,2026-05-16
996,996,Credit Card,Failed,790.75,TXN20020047,2025-10-27
997,997,Credit Card,Paid,1922.02,TXN82532916,2025-10-01
998,998,UPI,Failed,3422.7,TXN65868382,2025-05-23
999,999,UPI,Refunded,1040.87,TXN54972462,2026-02-07
1000,1000,Cash on Delivery,Refunded,4306.77,TXN32100821,2025-09-15
